category,source_path,target_path,title
2026,images_backup/2026해체/2026해체/02 신무릉도원-동행-천에먹 아크릴140x140cm2011.jpg,images/2026/02-sin-mu-reung-do-won-dong-haeng-cheon-e-meok-a-keu-ril-140x140cm2011.jpg,02 신무릉도원-동행-천에먹 아크릴140x140cm2011
2026,images_backup/2026해체/2026해체/02Utopia-A Meditation_ 60.6X72.7cm 2014.jpg,images/2026/02utopia-a-meditation-60-6x72-7cm-2014.jpg,02Utopia-A Meditation_ 60.6X72.7cm 2014
2026,images_backup/2026해체/2026해체/02Utopia-A companion_53cm x 45.5cm_Ink-stick and Acrylic on canvas140x140cm2011.jpg,images/2026/02utopia-a-companion-53cm-x-45-5cm-ink-stick-and-acrylic-on-canvas140x140cm2011.jpg,02Utopia-A companion_53cm x 45.5cm_Ink-stick and Acrylic on canvas140x140cm2011
2026,images_backup/2026해체/2026해체/03-10.jpg,images/2026/03-10.jpg,03-10
2026,images_backup/2026해체/2026해체/03-3.jpg,images/2026/03-3.jpg,03-3
2026,images_backup/2026해체/2026해체/03-9.jpg,images/2026/03-9.jpg,03-9
2026,images_backup/2026해체/2026해체/05  Utopia-A Meditation_Ink-stick and Acrylic on canvas 140X140cm 2014.jpg,images/2026/05-utopia-a-meditation-ink-stick-and-acrylic-on-canvas-140x140cm-2014.jpg,05  Utopia-A Meditation_Ink-stick and Acrylic on canvas 140X140cm 2014
2026,images_backup/2026해체/2026해체/05  Utopia-A Meditation_Ink-stick and Acrylic on canvas 50X72.7cm 2014.jpg,images/2026/05-utopia-a-meditation-ink-stick-and-acrylic-on-canvas-50x72-7cm-2014.jpg,05  Utopia-A Meditation_Ink-stick and Acrylic on canvas 50X72.7cm 2014
2026,images_backup/2026해체/2026해체/06신무릉도원-동행 천에먹 아크릴55x71cm2011.tif,images/2026/06sin-mu-reung-do-won-dong-haeng-cheon-e-meok-a-keu-ril-55x71cm2011.tif,06신무릉도원-동행 천에먹 아크릴55x71cm2011
2026,images_backup/2026해체/2026해체/09 Utopia-A companion-Ink-Stick and Acrylic on Canvas197x333cm2011.jpg,images/2026/09-utopia-a-companion-ink-stick-and-acrylic-on-canvas197x333cm2011.jpg,09 Utopia-A companion-Ink-Stick and Acrylic on Canvas197x333cm2011
2026,"images_backup/2026해체/2026해체/1.봄날의 명상,Acrylic on canvas, 90.9x72.7cm ,2019..jpg",images/2026/1-bom-nal-ui-myeong-sang-acrylic-on-canvas-90-9x72-7cm-2019.jpg,"1.봄날의 명상,Acrylic on canvas, 90.9x72.7cm ,2019."
2026,"images_backup/2026해체/2026해체/1.왕열.Utopia-醉中, Oil and Acrylic on Sheet zinc, 91x72cm.2021.1800만원.jpg",images/2026/1-wang-yeol-utopia-oil-and-acrylic-on-sheet-zinc-91x72cm-2021-1800man-won.jpg,"1.왕열.Utopia-醉中, Oil and Acrylic on Sheet zinc, 91x72cm.2021.1800만원"
2026,images_backup/2026해체/2026해체/10 Utopia-A Pacho-Ink-Stick and Acrylic on Canvas140x140cm2011.jpg,images/2026/10-utopia-a-pacho-ink-stick-and-acrylic-on-canvas140x140cm2011.jpg,10 Utopia-A Pacho-Ink-Stick and Acrylic on Canvas140x140cm2011
2026,images_backup/2026해체/2026해체/10.Festivities-A Meditation_62cm x 47cm_Ink-stick and Acrylic on Korean paper 2013.jpg,images/2026/10-festivities-a-meditation-62cm-x-47cm-ink-stick-and-acrylic-on-korean-paper-2013.jpg,10.Festivities-A Meditation_62cm x 47cm_Ink-stick and Acrylic on Korean paper 2013
2026,"images_backup/2026해체/2026해체/10.Utopia-meditation,Acrylic on canvas  280x140cm.2023.7000만원.jpg",images/2026/10-utopia-meditation-acrylic-on-canvas-280x140cm-2023-7000man-won.jpg,"10.Utopia-meditation,Acrylic on canvas  280x140cm.2023.7000만원"
2026,"images_backup/2026해체/2026해체/11 신 무릉도원도-명상,천에먹,아크릴,73x117cm,2014..jpg",images/2026/11-sin-mu-reung-do-won-do-myeong-sang-cheon-e-meok-a-keu-ril-73x117cm-2014.jpg,"11 신 무릉도원도-명상,천에먹,아크릴,73x117cm,2014."
2026,images_backup/2026해체/2026해체/11.Festivities-A Meditation_62cm x 47cm_Ink-stick and Acrylic on Korean paper 2013.jpg,images/2026/11-festivities-a-meditation-62cm-x-47cm-ink-stick-and-acrylic-on-korean-paper-2013.jpg,11.Festivities-A Meditation_62cm x 47cm_Ink-stick and Acrylic on Korean paper 2013
2026,"images_backup/2026해체/2026해체/11.Utopia-Meditation, Acrylic on canvas,140cmx140cm,2024.jpg",images/2026/11-utopia-meditation-acrylic-on-canvas-140cmx140cm-2024.jpg,"11.Utopia-Meditation, Acrylic on canvas,140cmx140cm,2024"
2026,"images_backup/2026해체/2026해체/11신무릉도원-동행-천에먹, 아크릴60.7x72.7cm 1000만원.jpg",images/2026/11sin-mu-reung-do-won-dong-haeng-cheon-e-meok-a-keu-ril-60-7x72-7cm-1000man-won.jpg,"11신무릉도원-동행-천에먹, 아크릴60.7x72.7cm 1000만원"
2026,images_backup/2026해체/2026해체/12신무릉도원- 천에먹 아크릴 120.5x181.3cm2011~~~대표이미지~`~.jpg,images/2026/12sin-mu-reung-do-won-cheon-e-meok-a-keu-ril-120-5x181-3cm2011-dae-pyo-i-mi-ji.jpg,12신무릉도원- 천에먹 아크릴 120.5x181.3cm2011~~~대표이미지~`~
2026,"images_backup/2026해체/2026해체/13.Utopia-A Meditation_73cm x 61cm_Ink-stick and Acrylic on canvas 2013 1,000만원.jpg",images/2026/13-utopia-a-meditation-73cm-x-61cm-ink-stick-and-acrylic-on-canvas-2013-1-000man-won.jpg,"13.Utopia-A Meditation_73cm x 61cm_Ink-stick and Acrylic on canvas 2013 1,000만원"
2026,"images_backup/2026해체/2026해체/13.Utopia-Meditation, Acrylic on canvas,140cmx140cm,2024..jpg",images/2026/13-utopia-meditation-acrylic-on-canvas-140cmx140cm-2024.jpg,"13.Utopia-Meditation, Acrylic on canvas,140cmx140cm,2024."
2026,"images_backup/2026해체/2026해체/13.Utopia-Meditation, Acrylic on canvas,140cmx140cm,2025.5000만원.jpg",images/2026/13-utopia-meditation-acrylic-on-canvas-140cmx140cm-2025-5000man-won.jpg,"13.Utopia-Meditation, Acrylic on canvas,140cmx140cm,2025.5000만원"
2026,"images_backup/2026해체/2026해체/132 Utopia-Ink-Stick and Acrylic on Canvas91x72.8cm2008-160p 1,200만원.jpg",images/2026/132-utopia-ink-stick-and-acrylic-on-canvas91x72-8cm2008-160p-1-200man-won.jpg,"132 Utopia-Ink-Stick and Acrylic on Canvas91x72.8cm2008-160p 1,200만원"
2026,"images_backup/2026해체/2026해체/14.Utopia-meditation,Acrylic on canvas  140x140cm.2023.$19,000.jpg",images/2026/14-utopia-meditation-acrylic-on-canvas-140x140cm-2023-19-000.jpg,"14.Utopia-meditation,Acrylic on canvas  140x140cm.2023.$19,000"
2026,images_backup/2026해체/2026해체/154 Family-mixed media on korean paper  96x66cm1997-101p.jpg,images/2026/154-family-mixed-media-on-korean-paper-96x66cm1997-101p.jpg,154 Family-mixed media on korean paper  96x66cm1997-101p
2026,"images_backup/2026해체/2026해체/16-1.Utopia-acompany, acrylic on canvas,162cmx130cm,2016.3500만원.jpg",images/2026/16-1-utopia-acompany-acrylic-on-canvas-162cmx130cm-2016-3500man-won.jpg,"16-1.Utopia-acompany, acrylic on canvas,162cmx130cm,2016.3500만원"
2026,"images_backup/2026해체/2026해체/16-2.Utopia-acompany, acrylic on canvas,162cmx130cm,2016.3500만원 x2=7천만원.jpg",images/2026/16-2-utopia-acompany-acrylic-on-canvas-162cmx130cm-2016-3500man-won-x2-7cheon-man-won.jpg,"16-2.Utopia-acompany, acrylic on canvas,162cmx130cm,2016.3500만원 x2=7천만원"
2026,"images_backup/2026해체/2026해체/16.신 무릉도원도-명상_91x117cm_천에먹, 아크릴_2016.jpg",images/2026/16-sin-mu-reung-do-won-do-myeong-sang-91x117cm-cheon-e-meok-a-keu-ril-2016.jpg,"16.신 무릉도원도-명상_91x117cm_천에먹, 아크릴_2016"
2026,images_backup/2026해체/2026해체/17 신무릉도원-동행-천에먹 아크릴72.5x60.5cm2012.jpg,images/2026/17-sin-mu-reung-do-won-dong-haeng-cheon-e-meok-a-keu-ril-72-5x60-5cm2012.jpg,17 신무릉도원-동행-천에먹 아크릴72.5x60.5cm2012
2026,"images_backup/2026해체/2026해체/17, 개띠새아침 천에 먹,아크릴 1500만원.JPG",images/2026/17-gae-tti-sae-a-chim-cheon-e-meok-a-keu-ril-1500man-won.jpg,"17, 개띠새아침 천에 먹,아크릴 1500만원"
2026,"images_backup/2026해체/2026해체/17.Utopia-A companion-Ink-Stick and Acrylic on Canvas, 90.9x65.1cm 2021.1500만원.jpg",images/2026/17-utopia-a-companion-ink-stick-and-acrylic-on-canvas-90-9x65-1cm-2021-1500man-won.jpg,"17.Utopia-A companion-Ink-Stick and Acrylic on Canvas, 90.9x65.1cm 2021.1500만원"
2026,"images_backup/2026해체/2026해체/17.Utopia-Meditation, 90.9x72.7cmAcrylic on canvas, 2022. (2).jpg",images/2026/17-utopia-meditation-90-9x72-7cmacrylic-on-canvas-2022-2.jpg,"17.Utopia-Meditation, 90.9x72.7cmAcrylic on canvas, 2022. (2)"
2026,"images_backup/2026해체/2026해체/17.Utopia-Meditation, Acrylic on canvas,140cmx140cm,2024..jpg",images/2026/17-utopia-meditation-acrylic-on-canvas-140cmx140cm-2024.jpg,"17.Utopia-Meditation, Acrylic on canvas,140cmx140cm,2024."
2026,"images_backup/2026해체/2026해체/18 신 무릉도원도-명상,천에먹,아크릴,45.5x53cm,2014..jpg",images/2026/18-sin-mu-reung-do-won-do-myeong-sang-cheon-e-meok-a-keu-ril-45-5x53cm-2014.jpg,"18 신 무릉도원도-명상,천에먹,아크릴,45.5x53cm,2014."
2026,"images_backup/2026해체/2026해체/18 파초 천에먹,아크릴 100x70cm 1500만원.jpg",images/2026/18-pa-cho-cheon-e-meok-a-keu-ril-100x70cm-1500man-won.jpg,"18 파초 천에먹,아크릴 100x70cm 1500만원"
2026,"images_backup/2026해체/2026해체/2. Utopia-A companion-Ink-Stick and Acrylic on Canvas225x225cm, 2008. 4000만원.jpg",images/2026/2-utopia-a-companion-ink-stick-and-acrylic-on-canvas225x225cm-2008-4000man-won.jpg,"2. Utopia-A companion-Ink-Stick and Acrylic on Canvas225x225cm, 2008. 4000만원"
2026,"images_backup/2026해체/2026해체/2.Utopia-meditation,Acrylic on canvas 53.0x45.5cm 2021 (2).jpg",images/2026/2-utopia-meditation-acrylic-on-canvas-53-0x45-5cm-2021-2.jpg,"2.Utopia-meditation,Acrylic on canvas 53.0x45.5cm 2021 (2)"
2026,images_backup/2026해체/2026해체/2013.Utopia-A Meditation_Ink-stick and Acrylic on canvas140cm x 140cm..jpg,images/2026/2013-utopia-a-meditation-ink-stick-and-acrylic-on-canvas140cm-x-140cm.jpg,2013.Utopia-A Meditation_Ink-stick and Acrylic on canvas140cm x 140cm.
2026,images_backup/2026해체/2026해체/2019. Utopia-A Meditation 91x73cm Ink-Stick and Acrylic on Canvas.JPG,images/2026/2019-utopia-a-meditation-91x73cm-ink-stick-and-acrylic-on-canvas.jpg,2019. Utopia-A Meditation 91x73cm Ink-Stick and Acrylic on Canvas
2026,images_backup/2026해체/2026해체/2019.Utopia-A Meditation_Ink-stick and Acrylic on canvas 72.7X90.9cm.jpg,images/2026/2019-utopia-a-meditation-ink-stick-and-acrylic-on-canvas-72-7x90-9cm.jpg,2019.Utopia-A Meditation_Ink-stick and Acrylic on canvas 72.7X90.9cm
2026,"images_backup/2026해체/2026해체/2021.Utopia-meditation,Acrylic on canvas 53.0x45.5cm..jpg",images/2026/2021-utopia-meditation-acrylic-on-canvas-53-0x45-5cm.jpg,"2021.Utopia-meditation,Acrylic on canvas 53.0x45.5cm."
2026,"images_backup/2026해체/2026해체/2024.Utopia Meditation, Acryic on canvas, 140cmx140cm..jpg",images/2026/2024-utopia-meditation-acryic-on-canvas-140cmx140cm.jpg,"2024.Utopia Meditation, Acryic on canvas, 140cmx140cm."
2026,"images_backup/2026해체/2026해체/2024.Utopia-Meditation, Acrylic on canvas,140cmx140cm, (2).jpg",images/2026/2024-utopia-meditation-acrylic-on-canvas-140cmx140cm-2.jpg,"2024.Utopia-Meditation, Acrylic on canvas,140cmx140cm, (2)"
2026,"images_backup/2026해체/2026해체/2024.Utopia-Meditation, Acrylic on canvas,140cmx140cm,.jpg",images/2026/2024-utopia-meditation-acrylic-on-canvas-140cmx140cm.jpg,"2024.Utopia-Meditation, Acrylic on canvas,140cmx140cm,"
2026,"images_backup/2026해체/2026해체/2024.Utopia-Meditation, Acrylic on canvas,140cmx140cm.jpg",images/2026/2024-utopia-meditation-acrylic-on-canvas-140cmx140cm-01.jpg,"2024.Utopia-Meditation, Acrylic on canvas,140cmx140cm"
2026,images_backup/2026해체/2026해체/2025. Utopia-A Meditation-Ink-Stick and Acrylic on Canvas 45x45cm..jpg,images/2026/2025-utopia-a-meditation-ink-stick-and-acrylic-on-canvas-45x45cm.jpg,2025. Utopia-A Meditation-Ink-Stick and Acrylic on Canvas 45x45cm.
2026,"images_backup/2026해체/2026해체/2025.Utopia-Meditation, Acrylic on canvas,280cmx140cm.jpg",images/2026/2025-utopia-meditation-acrylic-on-canvas-280cmx140cm.jpg,"2025.Utopia-Meditation, Acrylic on canvas,280cmx140cm"
2026,images_backup/2026해체/2026해체/2026. Utopia-A Meditation-Ink-Stick and Acrylic on Canvas 38x38cm..jpg,images/2026/2026-utopia-a-meditation-ink-stick-and-acrylic-on-canvas-38x38cm.jpg,2026. Utopia-A Meditation-Ink-Stick and Acrylic on Canvas 38x38cm.
2026,images_backup/2026해체/2026해체/2026. Utopia-A Meditation-Ink-Stick and Acrylic on Canvas 45x53cm. (10).jpg,images/2026/2026-utopia-a-meditation-ink-stick-and-acrylic-on-canvas-45x53cm-10.jpg,2026. Utopia-A Meditation-Ink-Stick and Acrylic on Canvas 45x53cm. (10)
2026,images_backup/2026해체/2026해체/2026. Utopia-A Meditation-Ink-Stick and Acrylic on Canvas 45x53cm. (2).jpg,images/2026/2026-utopia-a-meditation-ink-stick-and-acrylic-on-canvas-45x53cm-2.jpg,2026. Utopia-A Meditation-Ink-Stick and Acrylic on Canvas 45x53cm. (2)
2026,images_backup/2026해체/2026해체/2026. Utopia-A Meditation-Ink-Stick and Acrylic on Canvas 45x53cm. (3).jpg,images/2026/2026-utopia-a-meditation-ink-stick-and-acrylic-on-canvas-45x53cm-3.jpg,2026. Utopia-A Meditation-Ink-Stick and Acrylic on Canvas 45x53cm. (3)
2026,images_backup/2026해체/2026해체/2026. Utopia-A Meditation-Ink-Stick and Acrylic on Canvas 45x53cm. (4).jpg,images/2026/2026-utopia-a-meditation-ink-stick-and-acrylic-on-canvas-45x53cm-4.jpg,2026. Utopia-A Meditation-Ink-Stick and Acrylic on Canvas 45x53cm. (4)
2026,images_backup/2026해체/2026해체/2026. Utopia-A Meditation-Ink-Stick and Acrylic on Canvas 45x53cm. (5).jpg,images/2026/2026-utopia-a-meditation-ink-stick-and-acrylic-on-canvas-45x53cm-5.jpg,2026. Utopia-A Meditation-Ink-Stick and Acrylic on Canvas 45x53cm. (5)
2026,images_backup/2026해체/2026해체/2026. Utopia-A Meditation-Ink-Stick and Acrylic on Canvas 45x53cm. (6).jpg,images/2026/2026-utopia-a-meditation-ink-stick-and-acrylic-on-canvas-45x53cm-6.jpg,2026. Utopia-A Meditation-Ink-Stick and Acrylic on Canvas 45x53cm. (6)
2026,images_backup/2026해체/2026해체/2026. Utopia-A Meditation-Ink-Stick and Acrylic on Canvas 45x53cm. (9).jpg,images/2026/2026-utopia-a-meditation-ink-stick-and-acrylic-on-canvas-45x53cm-9.jpg,2026. Utopia-A Meditation-Ink-Stick and Acrylic on Canvas 45x53cm. (9)
2026,images_backup/2026해체/2026해체/2026. Utopia-A Meditation-Ink-Stick and Acrylic on Canvas 45x53cm...jpg,images/2026/2026-utopia-a-meditation-ink-stick-and-acrylic-on-canvas-45x53cm.jpg,2026. Utopia-A Meditation-Ink-Stick and Acrylic on Canvas 45x53cm..
2026,"images_backup/2026해체/2026해체/21 Utopia-A companion-Ink-Stick and Acrylic on Canvas135x135cm,2011. 3800만원.jpg",images/2026/21-utopia-a-companion-ink-stick-and-acrylic-on-canvas135x135cm-2011-3800man-won.jpg,"21 Utopia-A companion-Ink-Stick and Acrylic on Canvas135x135cm,2011. 3800만원"
2026,"images_backup/2026해체/2026해체/21.Utopia-Meditation, Acrylic on canvas,140cmx140cm,2024.5000만원.jpg",images/2026/21-utopia-meditation-acrylic-on-canvas-140cmx140cm-2024-5000man-won.jpg,"21.Utopia-Meditation, Acrylic on canvas,140cmx140cm,2024.5000만원"
2026,"images_backup/2026해체/2026해체/22 개띠새아침 천에 먹,아크릴 1500만원.JPG",images/2026/22-gae-tti-sae-a-chim-cheon-e-meok-a-keu-ril-1500man-won.jpg,"22 개띠새아침 천에 먹,아크릴 1500만원"
2026,"images_backup/2026해체/2026해체/22.Utopia-Meditation, Acrylic on canvas,140cmx140cm,2024.5000만원.jpg",images/2026/22-utopia-meditation-acrylic-on-canvas-140cmx140cm-2024-5000man-won.jpg,"22.Utopia-Meditation, Acrylic on canvas,140cmx140cm,2024.5000만원"
2026,"images_backup/2026해체/2026해체/24. Utopia-A Meditation-Ink-Stick and Acrylic on Canvas 90x72.5cm2023.$2,300.jpg",images/2026/24-utopia-a-meditation-ink-stick-and-acrylic-on-canvas-90x72-5cm2023-2-300.jpg,"24. Utopia-A Meditation-Ink-Stick and Acrylic on Canvas 90x72.5cm2023.$2,300"
2026,images_backup/2026해체/2026해체/25 Utopia-A Pacho-Ink-Stick and Acrylic on Canvas 60.6x72.7cm2008.jpg,images/2026/25-utopia-a-pacho-ink-stick-and-acrylic-on-canvas-60-6x72-7cm2008.jpg,25 Utopia-A Pacho-Ink-Stick and Acrylic on Canvas 60.6x72.7cm2008
2026,"images_backup/2026해체/2026해체/25. 신무릉도원도 봄날,천에먹,아크릴,116.5x91.0cm 2019.jpg",images/2026/25-sin-mu-reung-do-won-do-bom-nal-cheon-e-meok-a-keu-ril-116-5x91-0cm-2019.jpg,"25. 신무릉도원도 봄날,천에먹,아크릴,116.5x91.0cm 2019"
2026,images_backup/2026해체/2026해체/26. Utopia-A Meditation-Ink-Stick and Acrylic on Canvas 60.5x72.5cm2023. (1).jpg,images/2026/26-utopia-a-meditation-ink-stick-and-acrylic-on-canvas-60-5x72-5cm2023-1.jpg,26. Utopia-A Meditation-Ink-Stick and Acrylic on Canvas 60.5x72.5cm2023. (1)
2026,"images_backup/2026해체/2026해체/26.무명, Acrylic on canvas,90.9cmx72.7cm,2025.비매.jpg",images/2026/26-mu-myeong-acrylic-on-canvas-90-9cmx72-7cm-2025-bi-mae.jpg,"26.무명, Acrylic on canvas,90.9cmx72.7cm,2025.비매"
2026,"images_backup/2026해체/2026해체/3.  Utopia-A companion-Ink-Stick and Acrylic on Canvas,59.5x71.5cm,2009,      1200만원.jpg",images/2026/3-utopia-a-companion-ink-stick-and-acrylic-on-canvas-59-5x71-5cm-2009-1200man-won.jpg,"3.  Utopia-A companion-Ink-Stick and Acrylic on Canvas,59.5x71.5cm,2009,      1200만원"
2026,"images_backup/2026해체/2026해체/3. Utopia-A Meditation 72.5x60.5cm Ink-Stick and Acrylic on Canvas. 2010,1200만원.jpg",images/2026/3-utopia-a-meditation-72-5x60-5cm-ink-stick-and-acrylic-on-canvas-2010-1200man-won.jpg,"3. Utopia-A Meditation 72.5x60.5cm Ink-Stick and Acrylic on Canvas. 2010,1200만원"
2026,images_backup/2026해체/2026해체/3. Utopia-A companion-Ink-Stick and Acrylic on Canvas 70x142cm.JPG,images/2026/3-utopia-a-companion-ink-stick-and-acrylic-on-canvas-70x142cm.jpg,3. Utopia-A companion-Ink-Stick and Acrylic on Canvas 70x142cm
2026,images_backup/2026해체/2026해체/3. Utopia-A companion-Ink-Stick and Acrylic on Canvas140x140cm2022.5000만원.jpg,images/2026/3-utopia-a-companion-ink-stick-and-acrylic-on-canvas140x140cm2022-5000man-won.jpg,3. Utopia-A companion-Ink-Stick and Acrylic on Canvas140x140cm2022.5000만원
2026,"images_backup/2026해체/2026해체/3.Utopia-Meditation, 90.9x72.7cmAcrylic on canvas, 2022  (2).jpg",images/2026/3-utopia-meditation-90-9x72-7cmacrylic-on-canvas-2022-2.jpg,"3.Utopia-Meditation, 90.9x72.7cmAcrylic on canvas, 2022  (2)"
2026,"images_backup/2026해체/2026해체/3.Utopia-Meditation, Acrylic on canvas,140cmx140cm,2024..jpg",images/2026/3-utopia-meditation-acrylic-on-canvas-140cmx140cm-2024.jpg,"3.Utopia-Meditation, Acrylic on canvas,140cmx140cm,2024."
2026,"images_backup/2026해체/2026해체/3.Utopia-Meditation, Acrylic on canvas,72cmx60cm,2025.1400만원.jpg",images/2026/3-utopia-meditation-acrylic-on-canvas-72cmx60cm-2025-1400man-won.jpg,"3.Utopia-Meditation, Acrylic on canvas,72cmx60cm,2025.1400만원"
2026,"images_backup/2026해체/2026해체/3.Utopia-meditation,Acrylic on canvas  200x70cm.2023.2500만원.jpg",images/2026/3-utopia-meditation-acrylic-on-canvas-200x70cm-2023-2500man-won.jpg,"3.Utopia-meditation,Acrylic on canvas  200x70cm.2023.2500만원"
2026,"images_backup/2026해체/2026해체/3.Utopia-meditation,Acrylic on canvas  90x90cm.2023 (1).jpg",images/2026/3-utopia-meditation-acrylic-on-canvas-90x90cm-2023-1.jpg,"3.Utopia-meditation,Acrylic on canvas  90x90cm.2023 (1)"
2026,"images_backup/2026해체/2026해체/31.Utopia Meditation,60x72cm,Acryic on Canvas,2019.$2,300.jpg",images/2026/31-utopia-meditation-60x72cm-acryic-on-canvas-2019-2-300.jpg,"31.Utopia Meditation,60x72cm,Acryic on Canvas,2019.$2,300"
2026,"images_backup/2026해체/2026해체/32 신 무릉도원도-명상,천에먹,아크릴,70x200cm,2014..jpg",images/2026/32-sin-mu-reung-do-won-do-myeong-sang-cheon-e-meok-a-keu-ril-70x200cm-2014.jpg,"32 신 무릉도원도-명상,천에먹,아크릴,70x200cm,2014."
2026,images_backup/2026해체/2026해체/33. Utopia-A Meditation-Ink-Stick and Acrylic on Canvas 400x300cm.2025.1억5000만원.jpg,images/2026/33-utopia-a-meditation-ink-stick-and-acrylic-on-canvas-400x300cm-2025-1eok-5000man-won.jpg,33. Utopia-A Meditation-Ink-Stick and Acrylic on Canvas 400x300cm.2025.1억5000만원
2026,"images_backup/2026해체/2026해체/34 신 무릉도원도,천에먹,아크릴,지름 30cm,2014..jpg",images/2026/34-sin-mu-reung-do-won-do-cheon-e-meok-a-keu-ril-ji-reum-30cm-2014.jpg,"34 신 무릉도원도,천에먹,아크릴,지름 30cm,2014."
2026,images_backup/2026해체/2026해체/4. Utopia-A companion-Ink-Stick and Acrylic on Canvas225x225cm2008..jpg,images/2026/4-utopia-a-companion-ink-stick-and-acrylic-on-canvas225x225cm2008.jpg,4. Utopia-A companion-Ink-Stick and Acrylic on Canvas225x225cm2008.
2026,images_backup/2026해체/2026해체/4. Utopia-A companion-Ink-Stick and Acrylic on Canvas45x54cm2022. 600만원.jpg,images/2026/4-utopia-a-companion-ink-stick-and-acrylic-on-canvas45x54cm2022-600man-won.jpg,4. Utopia-A companion-Ink-Stick and Acrylic on Canvas45x54cm2022. 600만원
2026,images_backup/2026해체/2026해체/4.My appearance_45.3cm x 53cm_Ink-stick and Acrylic on canvas 2013.jpg,images/2026/4-my-appearance-45-3cm-x-53cm-ink-stick-and-acrylic-on-canvas-2013.jpg,4.My appearance_45.3cm x 53cm_Ink-stick and Acrylic on canvas 2013
2026,"images_backup/2026해체/2026해체/4.Utopia-meditation,Acrylic on canvas  280x140cm,2023 .7000만원.jpg",images/2026/4-utopia-meditation-acrylic-on-canvas-280x140cm-2023-7000man-won.jpg,"4.Utopia-meditation,Acrylic on canvas  280x140cm,2023 .7000만원"
2026,"images_backup/2026해체/2026해체/4.Utopia-meditation,Acrylic on canvas  90x90cm.2023 (1).jpg",images/2026/4-utopia-meditation-acrylic-on-canvas-90x90cm-2023-1.jpg,"4.Utopia-meditation,Acrylic on canvas  90x90cm.2023 (1)"
2026,"images_backup/2026해체/2026해체/4.Utopia-meditation,Acrylic on canvas 90.9x72.7cm.2021. 1500 만원.jpg",images/2026/4-utopia-meditation-acrylic-on-canvas-90-9x72-7cm-2021-1500-man-won.jpg,"4.Utopia-meditation,Acrylic on canvas 90.9x72.7cm.2021. 1500 만원"
2026,images_backup/2026해체/2026해체/41.Utopia-A Meditation_140cm x 140cm_Ink-stick and Acrylic on canvas 2013.jpg,images/2026/41-utopia-a-meditation-140cm-x-140cm-ink-stick-and-acrylic-on-canvas-2013.jpg,41.Utopia-A Meditation_140cm x 140cm_Ink-stick and Acrylic on canvas 2013
2026,images_backup/2026해체/2026해체/45.Utopia-A companion_69cm x 15cm_Acrylic on Wooden board 2013.jpg,images/2026/45-utopia-a-companion-69cm-x-15cm-acrylic-on-wooden-board-2013.jpg,45.Utopia-A companion_69cm x 15cm_Acrylic on Wooden board 2013
2026,images_backup/2026해체/2026해체/5.Utopia-A Meditation-Ink-Stick and Acrylic on Canvas150x60cm 2014.jpg,images/2026/5-utopia-a-meditation-ink-stick-and-acrylic-on-canvas150x60cm-2014.jpg,5.Utopia-A Meditation-Ink-Stick and Acrylic on Canvas150x60cm 2014
2026,"images_backup/2026해체/2026해체/5.Utopia-meditation,Acrylic on canvas  200x70cm.2023.jpg",images/2026/5-utopia-meditation-acrylic-on-canvas-200x70cm-2023.jpg,"5.Utopia-meditation,Acrylic on canvas  200x70cm.2023"
2026,"images_backup/2026해체/2026해체/5.Utopia-meditation,Acrylic on canvas  280x140cm.2023 (2).jpg",images/2026/5-utopia-meditation-acrylic-on-canvas-280x140cm-2023-2.jpg,"5.Utopia-meditation,Acrylic on canvas  280x140cm.2023 (2)"
2026,images_backup/2026해체/2026해체/5D9A3896-향상됨.jpg,images/2026/5d9a3896-hyang-sang-doem.jpg,5D9A3896-향상됨
2026,"images_backup/2026해체/2026해체/6. Utopia-A Meditation-Ink-Stick and Acrylic on Canvas72.5x60.5cm2009,1200만원.jpg",images/2026/6-utopia-a-meditation-ink-stick-and-acrylic-on-canvas72-5x60-5cm2009-1200man-won.jpg,"6. Utopia-A Meditation-Ink-Stick and Acrylic on Canvas72.5x60.5cm2009,1200만원"
2026,"images_backup/2026해체/2026해체/6.Utopia-Meditation  봄날, Acrylic on canvas,30호판화,2024.  300만원.JPG",images/2026/6-utopia-meditation-bom-nal-acrylic-on-canvas-30ho-pan-hwa-2024-300man-won.jpg,"6.Utopia-Meditation  봄날, Acrylic on canvas,30호판화,2024.  300만원"
2026,"images_backup/2026해체/2026해체/6.Utopia-Meditation, Acrylic on canvas,91cmx72cm,2024.1800만원 (2).jpg",images/2026/6-utopia-meditation-acrylic-on-canvas-91cmx72cm-2024-1800man-won-2.jpg,"6.Utopia-Meditation, Acrylic on canvas,91cmx72cm,2024.1800만원 (2)"
2026,"images_backup/2026해체/2026해체/6.Utopia-meditation,Acrylic on canvas  140x142cm.2023.$19,000.jpg",images/2026/6-utopia-meditation-acrylic-on-canvas-140x142cm-2023-19-000.jpg,"6.Utopia-meditation,Acrylic on canvas  140x142cm.2023.$19,000"
2026,"images_backup/2026해체/2026해체/6.왕열.Utopia-Meditation, Oil and Acrylic on Sheet zinc, 115x115cm.2021 ,5200만원.jpg",images/2026/6-wang-yeol-utopia-meditation-oil-and-acrylic-on-sheet-zinc-115x115cm-2021-5200man-won.jpg,"6.왕열.Utopia-Meditation, Oil and Acrylic on Sheet zinc, 115x115cm.2021 ,5200만원"
2026,images_backup/2026해체/2026해체/62 Festivities-A Meditation_62cm x 47cm_Ink-stick and Acrylic on Korean paper 2013. 1000만원.jpg,images/2026/62-festivities-a-meditation-62cm-x-47cm-ink-stick-and-acrylic-on-korean-paper-2013-1000man-won.jpg,62 Festivities-A Meditation_62cm x 47cm_Ink-stick and Acrylic on Korean paper 2013. 1000만원
2026,images_backup/2026해체/2026해체/64 Utopia-A companion-Ink-Stick and Acrylic on Canvas-24p.jpg,images/2026/64-utopia-a-companion-ink-stick-and-acrylic-on-canvas-24p.jpg,64 Utopia-A companion-Ink-Stick and Acrylic on Canvas-24p
2026,"images_backup/2026해체/2026해체/7.Utopia-meditation,Acrylic on canvas  67x74x10cm,2023.1400만원.jpg",images/2026/7-utopia-meditation-acrylic-on-canvas-67x74x10cm-2023-1400man-won.jpg,"7.Utopia-meditation,Acrylic on canvas  67x74x10cm,2023.1400만원"
2026,images_backup/2026해체/2026해체/8. Utopia-A Meditation-Ink-Stick and Acrylic on Canvas45x54cm2022. 600만원.jpg,images/2026/8-utopia-a-meditation-ink-stick-and-acrylic-on-canvas45x54cm2022-600man-won.jpg,8. Utopia-A Meditation-Ink-Stick and Acrylic on Canvas45x54cm2022. 600만원
2026,"images_backup/2026해체/2026해체/8.Utopia-meditation,Acrylic on canvas  90x90cm.2023.2000만원.jpg",images/2026/8-utopia-meditation-acrylic-on-canvas-90x90cm-2023-2000man-won.jpg,"8.Utopia-meditation,Acrylic on canvas  90x90cm.2023.2000만원"
2026,images_backup/2026해체/2026해체/88 Thoughts on Winter-mixed media on korean paper 66x116cm1998-148p.jpg,images/2026/88-thoughts-on-winter-mixed-media-on-korean-paper-66x116cm1998-148p.jpg,88 Thoughts on Winter-mixed media on korean paper 66x116cm1998-148p
2026,images_backup/2026해체/2026해체/99 Utopia-A companion-Ink-Stick and Acrylic on Canvas117x80cm2006.jpg,images/2026/99-utopia-a-companion-ink-stick-and-acrylic-on-canvas117x80cm2006.jpg,99 Utopia-A companion-Ink-Stick and Acrylic on Canvas117x80cm2006
2026,images_backup/2026해체/2026해체/DSC_0650-1.jpg,images/2026/dsc-0650-1.jpg,DSC_0650-1
2026,images_backup/2026해체/2026해체/IMG_1101.JPG,images/2026/img-1101.jpg,IMG_1101
2026,images_backup/2026해체/2026해체/IMG_1111.JPG,images/2026/img-1111.jpg,IMG_1111
2026,images_backup/2026해체/2026해체/IMG_1112.JPG,images/2026/img-1112.jpg,IMG_1112
2026,images_backup/2026해체/2026해체/IMG_2608-향상됨.jpg,images/2026/img-2608-hyang-sang-doem.jpg,IMG_2608-향상됨
2026,images_backup/2026해체/2026해체/IMG_3810-향상됨-SR.jpg,images/2026/img-3810-hyang-sang-doem-sr.jpg,IMG_3810-향상됨-SR
2026,"images_backup/2026해체/2026해체/IMG_825.Utopia-meditation,Acrylic on canvas  280x140cm.2023.jpg",images/2026/img-825-utopia-meditation-acrylic-on-canvas-280x140cm-2023.jpg,"IMG_825.Utopia-meditation,Acrylic on canvas  280x140cm.2023"
2026,images_backup/2026해체/2026해체/IMG_9507.jpg,images/2026/img-9507.jpg,IMG_9507
2026,images_backup/2026해체/2026해체/KakaoTalk_20220713_145325288.jpg,images/2026/kakaotalk-20220713-145325288.jpg,KakaoTalk_20220713_145325288
2026,images_backup/2026해체/2026해체/KakaoTalk_20240123_150559309.jpg,images/2026/kakaotalk-20240123-150559309.jpg,KakaoTalk_20240123_150559309
2026,images_backup/2026해체/2026해체/KakaoTalk_20240123_150604160.jpg,images/2026/kakaotalk-20240123-150604160.jpg,KakaoTalk_20240123_150604160
2026,images_backup/2026해체/2026해체/KakaoTalk_20240529_081721642.jpg,images/2026/kakaotalk-20240529-081721642.jpg,KakaoTalk_20240529_081721642
2026,images_backup/2026해체/2026해체/KakaoTalk_20250519_012830587_05.jpg,images/2026/kakaotalk-20250519-012830587-05.jpg,KakaoTalk_20250519_012830587_05
2026,images_backup/2026해체/2026해체/KakaoTalk_20250519_012830587_06.jpg,images/2026/kakaotalk-20250519-012830587-06.jpg,KakaoTalk_20250519_012830587_06
2026,images_backup/2026해체/2026해체/KakaoTalk_20251012_173158065_02.jpg,images/2026/kakaotalk-20251012-173158065-02.jpg,KakaoTalk_20251012_173158065_02
2026,images_backup/2026해체/2026해체/KakaoTalk_20251012_173158065_03.jpg,images/2026/kakaotalk-20251012-173158065-03.jpg,KakaoTalk_20251012_173158065_03
2026,images_backup/2026해체/2026해체/KakaoTalk_20251012_173158065_04.jpg,images/2026/kakaotalk-20251012-173158065-04.jpg,KakaoTalk_20251012_173158065_04
2026,images_backup/2026해체/2026해체/KakaoTalk_20251012_173158065_05.jpg,images/2026/kakaotalk-20251012-173158065-05.jpg,KakaoTalk_20251012_173158065_05
2026,"images_backup/2026해체/2026해체/Utopia-A Meditation_Ink-stick and Acrylic on canvas 73x91cm, 2014.jpg",images/2026/utopia-a-meditation-ink-stick-and-acrylic-on-canvas-73x91cm-2014.jpg,"Utopia-A Meditation_Ink-stick and Acrylic on canvas 73x91cm, 2014"
2026,"images_backup/2026해체/2026해체/Utopia-A Meditation_Ink-stick and Acrylic on canvas 91x73cm, 2014.jpg",images/2026/utopia-a-meditation-ink-stick-and-acrylic-on-canvas-91x73cm-2014.jpg,"Utopia-A Meditation_Ink-stick and Acrylic on canvas 91x73cm, 2014"
2026,"images_backup/2026해체/2026해체/Utopia-A companion_Ink-stick and Acrylic on canvas.53x45.5cm, 2014 600만원.jpg",images/2026/utopia-a-companion-ink-stick-and-acrylic-on-canvas-53x45-5cm-2014-600man-won.jpg,"Utopia-A companion_Ink-stick and Acrylic on canvas.53x45.5cm, 2014 600만원"
2026,"images_backup/2026해체/2026해체/Utopia-A companion_Ink-stick and Acrylic on canvas.73x50cm, 2014.jpg",images/2026/utopia-a-companion-ink-stick-and-acrylic-on-canvas-73x50cm-2014.jpg,"Utopia-A companion_Ink-stick and Acrylic on canvas.73x50cm, 2014"
2026,"images_backup/2026해체/2026해체/Utopia-Meditation, Acrylic on canvas,38cmx38cm,2024 (2).jpg",images/2026/utopia-meditation-acrylic-on-canvas-38cmx38cm-2024-2.jpg,"Utopia-Meditation, Acrylic on canvas,38cmx38cm,2024 (2)"
2026,"images_backup/2026해체/2026해체/Utopia-Meditation, Acrylic on canvas,38cmx38cm,2024.450만원.jpg",images/2026/utopia-meditation-acrylic-on-canvas-38cmx38cm-2024-450man-won.jpg,"Utopia-Meditation, Acrylic on canvas,38cmx38cm,2024.450만원"
2026,"images_backup/2026해체/2026해체/Utopia-Meditation, Acrylic on canvas,45cmx53cm,2024 (2)600만원.jpg",images/2026/utopia-meditation-acrylic-on-canvas-45cmx53cm-2024-2-600man-won.jpg,"Utopia-Meditation, Acrylic on canvas,45cmx53cm,2024 (2)600만원"
2026,"images_backup/2026해체/2026해체/Utopia-Meditation, Acrylic on canvas,45cmx53cm,2024.jpg",images/2026/utopia-meditation-acrylic-on-canvas-45cmx53cm-2024.jpg,"Utopia-Meditation, Acrylic on canvas,45cmx53cm,2024"
2026,"images_backup/2026해체/2026해체/Utopia-Meditation, Acrylic on canvas,70cmx200cm,2024.3000만원.jpg",images/2026/utopia-meditation-acrylic-on-canvas-70cmx200cm-2024-3000man-won.jpg,"Utopia-Meditation, Acrylic on canvas,70cmx200cm,2024.3000만원"
2026,images_backup/2026해체/2026해체/gallery front.jpg,images/2026/gallery-front.jpg,gallery front
2026,images_backup/2026해체/2026해체/다빈치책겉표지.jpg,images/2026/da-bin-chi-chaek-geot-pyo-ji.jpg,다빈치책겉표지
2026,"images_backup/2026해체/2026해체/부산대표.Utopia-meditation,Acrylic on canvas 53.0x45.5cm 2022.jpg",images/2026/bu-san-dae-pyo-utopia-meditation-acrylic-on-canvas-53-0x45-5cm-2022.jpg,"부산대표.Utopia-meditation,Acrylic on canvas 53.0x45.5cm 2022"
2026,images_backup/2026해체/2026해체/부채 002-1.jpg,images/2026/bu-chae-002-1.jpg,부채 002-1
2026,images_backup/2026해체/2026해체/부채 004-1.jpg,images/2026/bu-chae-004-1.jpg,부채 004-1
2026,images_backup/2026해체/2026해체/사본 -02 신무릉도원-동행-천에먹 아크릴140x140cm2012.jpg,images/2026/sa-bon-02-sin-mu-reung-do-won-dong-haeng-cheon-e-meok-a-keu-ril-140x140cm2012.jpg,사본 -02 신무릉도원-동행-천에먹 아크릴140x140cm2012
2026,"images_backup/2026해체/2026해체/사본 -03 신무릉도원-동행-천에먹, 아크릴-60.5x72.5cm2012.jpg",images/2026/sa-bon-03-sin-mu-reung-do-won-dong-haeng-cheon-e-meok-a-keu-ril-60-5x72-5cm2012.jpg,"사본 -03 신무릉도원-동행-천에먹, 아크릴-60.5x72.5cm2012"
2026,"images_backup/2026해체/2026해체/사본 -04 신무릉도원-동행-천에먹 아크릴,92x140cm,2012.jpg",images/2026/sa-bon-04-sin-mu-reung-do-won-dong-haeng-cheon-e-meok-a-keu-ril-92x140cm-2012.jpg,"사본 -04 신무릉도원-동행-천에먹 아크릴,92x140cm,2012"
2026,images_backup/2026해체/2026해체/사본 -10 신무릉도원-동행-천에먹 아크릴97x162cm2012채명기회장님 인사.jpg,images/2026/sa-bon-10-sin-mu-reung-do-won-dong-haeng-cheon-e-meok-a-keu-ril-97x162cm2012chae-myeong-gi-hoe-jang-nim-in-sa.jpg,사본 -10 신무릉도원-동행-천에먹 아크릴97x162cm2012채명기회장님 인사
2026,images_backup/2026해체/2026해체/신무릉도원-사색 천에먹 아크릴60.7x72.7cm2013 (2).jpg,images/2026/sin-mu-reung-do-won-sa-saek-cheon-e-meok-a-keu-ril-60-7x72-7cm2013-2.jpg,신무릉도원-사색 천에먹 아크릴60.7x72.7cm2013 (2)
2026,"images_backup/2026해체/2026해체/신무릉도원도,천에먹,아크릴.140x140cm, 2014.jpg",images/2026/sin-mu-reung-do-won-do-cheon-e-meok-a-keu-ril-140x140cm-2014.jpg,"신무릉도원도,천에먹,아크릴.140x140cm, 2014"
2026,images_backup/2026해체/2026해체/올IMG_9157.JPG,images/2026/ol-img-9157.jpg,올IMG_9157
2026,"images_backup/2026해체/2026해체/왕열 .Utopia-meditation,Acrylic on canvas  53.0x45.5cm.2021-01.jpg",images/2026/wang-yeol-utopia-meditation-acrylic-on-canvas-53-0x45-5cm-2021-01.jpg,"왕열 .Utopia-meditation,Acrylic on canvas  53.0x45.5cm.2021-01"
2026,images_backup/2026해체/2026해체/왕열 73.3x51.6cm 2020.jpg,images/2026/wang-yeol-73-3x51-6cm-2020.jpg,왕열 73.3x51.6cm 2020
2026,"images_backup/2026해체/2026해체/왕열 Utopia-Meditation,천에 먹,아크릴 53.0x45.5cm 2019.jpg",images/2026/wang-yeol-utopia-meditation-cheon-e-meok-a-keu-ril-53-0x45-5cm-2019.jpg,"왕열 Utopia-Meditation,천에 먹,아크릴 53.0x45.5cm 2019"
2026,"images_backup/2026해체/2026해체/왕열 Wang yeul신무릉도원-동행-천에먹 아크릴72.5x60.5cm2012, 1100만원.jpg",images/2026/wang-yeol-wang-yeulsin-mu-reung-do-won-dong-haeng-cheon-e-meok-a-keu-ril-72-5x60-5cm2012-1100man-won.jpg,"왕열 Wang yeul신무릉도원-동행-천에먹 아크릴72.5x60.5cm2012, 1100만원"
2026,"images_backup/2026해체/2026해체/왕열,신무릉도원-명상 200x70cm,2016.jpg",images/2026/wang-yeol-sin-mu-reung-do-won-myeong-sang-200x70cm-2016.jpg,"왕열,신무릉도원-명상 200x70cm,2016"
2026,images_backup/2026해체/2026해체/왕열-기도..jpg,images/2026/wang-yeol-gi-do.jpg,왕열-기도.
2026,images_backup/2026해체/2026해체/왕열0029.JPG,images/2026/wang-yeol-0029.jpg,왕열0029
2026,images_backup/2026해체/2026해체/왕열0032.JPG,images/2026/wang-yeol-0032.jpg,왕열0032
2026,"images_backup/2026해체/2026해체/왕열03_신 무릉도원도-명상_91x117cm_천에먹, 아크릴_2016.jpg",images/2026/wang-yeol-03-sin-mu-reung-do-won-do-myeong-sang-91x117cm-cheon-e-meok-a-keu-ril-2016.jpg,"왕열03_신 무릉도원도-명상_91x117cm_천에먹, 아크릴_2016"
2026,"images_backup/2026해체/2026해체/왕열05_신 무릉도원도-명상_140x140cm_천에먹, 아크릴_2015.jpg",images/2026/wang-yeol-05-sin-mu-reung-do-won-do-myeong-sang-140x140cm-cheon-e-meok-a-keu-ril-2015.jpg,"왕열05_신 무릉도원도-명상_140x140cm_천에먹, 아크릴_2015"
2026,"images_backup/2026해체/2026해체/왕열06_신 무릉도원도-명상_140x140cm_천에먹, 아크릴_2015.jpg",images/2026/wang-yeol-06-sin-mu-reung-do-won-do-myeong-sang-140x140cm-cheon-e-meok-a-keu-ril-2015.jpg,"왕열06_신 무릉도원도-명상_140x140cm_천에먹, 아크릴_2015"
2026,"images_backup/2026해체/2026해체/왕열Wang yeul 신무릉도원-동행 천에먹 아크릴53x45.5cm2011, 550만원.tif",images/2026/wang-yeol-wang-yeul-sin-mu-reung-do-won-dong-haeng-cheon-e-meok-a-keu-ril-53x45-5cm2011-550man-won.tif,"왕열Wang yeul 신무릉도원-동행 천에먹 아크릴53x45.5cm2011, 550만원"
2026,"images_backup/2026해체/2026해체/왕열Wang yeul 신무릉도원-동행-천에먹 아크릴72.5x60.5cm2012,1100만원.jpg",images/2026/wang-yeol-wang-yeul-sin-mu-reung-do-won-dong-haeng-cheon-e-meok-a-keu-ril-72-5x60-5cm2012-1100man-won.jpg,"왕열Wang yeul 신무릉도원-동행-천에먹 아크릴72.5x60.5cm2012,1100만원"
2026,images_backup/2026해체/2026해체/왕열_070427_4.jpg,images/2026/wang-yeol-070427-4.jpg,왕열_070427_4
2026,images_backup/2026해체/2026해체/왕열_080314_09.jpg,images/2026/wang-yeol-080314-09.jpg,왕열_080314_09
2026,images_backup/2026해체/2026해체/왕열_혼돈-명상_53x45.6cm_03.jpg,images/2026/wang-yeol-hon-don-myeong-sang-53x45-6cm-03.jpg,왕열_혼돈-명상_53x45.6cm_03
2026,images_backup/2026해체/2026해체/왕열_혼돈-명상_53x45.6cm_06.jpg,images/2026/wang-yeol-hon-don-myeong-sang-53x45-6cm-06.jpg,왕열_혼돈-명상_53x45.6cm_06
2026,images_backup/2026해체/2026해체/제목 없음-1.jpg,images/2026/je-mok-eops-eum-1.jpg,제목 없음-1
2026,images_backup/2026해체/2026해체/제목 없음-2.jpg,images/2026/je-mok-eops-eum-2.jpg,제목 없음-2
2026,"images_backup/2026해체/2026해체/크기변환_07 신무릉도원-동행-천에먹, 아크릴53x45.5cm 500만원.jpg",images/2026/keu-gi-byeon-hwan-07-sin-mu-reung-do-won-dong-haeng-cheon-e-meok-a-keu-ril-53x45-5cm-500man-won.jpg,"크기변환_07 신무릉도원-동행-천에먹, 아크릴53x45.5cm 500만원"
2026,"images_backup/2026해체/2026해체/크기변환_23닭띠새아침 천에먹,아크릴 1500만원.JPG",images/2026/keu-gi-byeon-hwan-23dalk-tti-sae-a-chim-cheon-e-meok-a-keu-ril-1500man-won.jpg,"크기변환_23닭띠새아침 천에먹,아크릴 1500만원"
2jung,images_backup/2중구조/2중구조/142 After the winter-Ink-Stick and Acrylic on Canvas60.5x100cm2004-95p.jpg,images/2jung/142-after-the-winter-ink-stick-and-acrylic-on-canvas60-5x100cm2004-95p.jpg,142 After the winter-Ink-Stick and Acrylic on Canvas60.5x100cm2004-95p
2jung,images_backup/2중구조/2중구조/15 Out-Ink-Stick and Acrylic on Canvas40x106cm1500만원.jpg,images/2jung/15-out-ink-stick-and-acrylic-on-canvas40x106cm1500man-won.jpg,15 Out-Ink-Stick and Acrylic on Canvas40x106cm1500만원
2jung,"images_backup/2중구조/2중구조/2. 신무릉도원도-동행, 45.5X106cm,캠퍼스에 아크릴,2017.jpg",images/2jung/2-sin-mu-reung-do-won-do-dong-haeng-45-5x106cm-kaem-peo-seu-e-a-keu-ril-2017.jpg,"2. 신무릉도원도-동행, 45.5X106cm,캠퍼스에 아크릴,2017"
2jung,"images_backup/2중구조/2중구조/2.왕열 Utopia-A Meditation cm Ink-ick and Acrylic on Canvas,2018, 4500만원.jpg",images/2jung/2-wang-yeol-utopia-a-meditation-cm-ink-ick-and-acrylic-on-canvas-2018-4500man-won.jpg,"2.왕열 Utopia-A Meditation cm Ink-ick and Acrylic on Canvas,2018, 4500만원"
2jung,images_backup/2중구조/2중구조/25 After the winter-Ink-Stick and Acrylic on Canvas60.5x100cm2004. 1500만원.jpg,images/2jung/25-after-the-winter-ink-stick-and-acrylic-on-canvas60-5x100cm2004-1500man-won.jpg,25 After the winter-Ink-Stick and Acrylic on Canvas60.5x100cm2004. 1500만원
2jung,"images_backup/2중구조/2중구조/25.무명독립운동가, Acrylic on canvas.90.9x72.7cm 2020. 비매.jpg",images/2jung/25-mu-myeong-dok-rip-un-dong-ga-acrylic-on-canvas-90-9x72-7cm-2020-bi-mae.jpg,"25.무명독립운동가, Acrylic on canvas.90.9x72.7cm 2020. 비매"
2jung,"images_backup/2중구조/2중구조/30 신 무릉도원도-명상,천에먹,아크릴,140x280cm,2014..jpg",images/2jung/30-sin-mu-reung-do-won-do-myeong-sang-cheon-e-meok-a-keu-ril-140x280cm-2014.jpg,"30 신 무릉도원도-명상,천에먹,아크릴,140x280cm,2014."
2jung,images_backup/2중구조/2중구조/43Utopia-A companion-Ink-Stick and Acrylic on Canvas 194x162.2cm2008.6500만원.jpg,images/2jung/43utopia-a-companion-ink-stick-and-acrylic-on-canvas-194x162-2cm2008-6500man-won.jpg,43Utopia-A companion-Ink-Stick and Acrylic on Canvas 194x162.2cm2008.6500만원
2jung,"images_backup/2중구조/2중구조/겨울나기이후 After the winter-Ink-Stick and Acrylic on Canvas248x138cm,2004 (2).JPG",images/2jung/gyeo-ul-na-gi-i-hu-after-the-winter-ink-stick-and-acrylic-on-canvas248x138cm-2004-2.jpg,"겨울나기이후 After the winter-Ink-Stick and Acrylic on Canvas248x138cm,2004 (2)"
2jung,"images_backup/2중구조/2중구조/겨울나기이후 After the winter-Ink-Stick and Acrylic on Canvas248x138cm,2004.jpg",images/2jung/gyeo-ul-na-gi-i-hu-after-the-winter-ink-stick-and-acrylic-on-canvas248x138cm-2004.jpg,"겨울나기이후 After the winter-Ink-Stick and Acrylic on Canvas248x138cm,2004"
2jung,images_backup/2중구조/2중구조/겨울나기이후3 Utopia-A companion-Ink-Stick and Acrylic on Canvas.jpg,images/2jung/gyeo-ul-na-gi-i-hu-3-utopia-a-companion-ink-stick-and-acrylic-on-canvas.jpg,겨울나기이후3 Utopia-A companion-Ink-Stick and Acrylic on Canvas
2jung,"images_backup/2중구조/2중구조/겨울나기이후3,62cmx62cm,한지에 수묵담채,2004.jpg",images/2jung/gyeo-ul-na-gi-i-hu-3-62cmx62cm-han-ji-e-su-muk-dam-chae-2004.jpg,"겨울나기이후3,62cmx62cm,한지에 수묵담채,2004"
2jung,"images_backup/2중구조/2중구조/신무릉도원도-명상,천에먹,아크릴,182X116.5cm,2017 (3).jpeg",images/2jung/sin-mu-reung-do-won-do-myeong-sang-cheon-e-meok-a-keu-ril-182x116-5cm-2017-3.jpeg,"신무릉도원도-명상,천에먹,아크릴,182X116.5cm,2017 (3)"
2jung,"images_backup/2중구조/2중구조/신무릉도원도-명상,천에먹,아크릴,182X116.5cm,2017.jpeg",images/2jung/sin-mu-reung-do-won-do-myeong-sang-cheon-e-meok-a-keu-ril-182x116-5cm-2017.jpeg,"신무릉도원도-명상,천에먹,아크릴,182X116.5cm,2017"
2jung,"images_backup/2중구조/2중구조/신무릉도원도-명상_91x117cm_천에먹, 아크릴_2016.jpg",images/2jung/sin-mu-reung-do-won-do-myeong-sang-91x117cm-cheon-e-meok-a-keu-ril-2016.jpg,"신무릉도원도-명상_91x117cm_천에먹, 아크릴_2016"
ink,images_backup/Ink/Ink/0000001.jpg,images/ink/0000001.jpg,0000001
ink,images_backup/Ink/Ink/01 신무릉도원-동행-천에먹 아크릴224x224cm2012.jpg,images/ink/01-sin-mu-reung-do-won-dong-haeng-cheon-e-meok-a-keu-ril-224x224cm2012.jpg,01 신무릉도원-동행-천에먹 아크릴224x224cm2012
ink,images_backup/Ink/Ink/01 왕열 185X135cm.jpg,images/ink/01-wang-yeol-185x135cm.jpg,01 왕열 185X135cm
ink,images_backup/Ink/Ink/01-1.jpg,images/ink/01-1.jpg,01-1
ink,"images_backup/Ink/Ink/02 신무릉도원도-동행, 53X45cm,천에먹 아크릴,2017.JPG",images/ink/02-sin-mu-reung-do-won-do-dong-haeng-53x45cm-cheon-e-meok-a-keu-ril-2017.jpg,"02 신무릉도원도-동행, 53X45cm,천에먹 아크릴,2017"
ink,images_backup/Ink/Ink/02-5.jpg,images/ink/02-5.jpg,02-5
ink,"images_backup/Ink/Ink/03 신무릉도원-동행-천에먹 아크릴,73x91cm2012.jpg",images/ink/03-sin-mu-reung-do-won-dong-haeng-cheon-e-meok-a-keu-ril-73x91cm2012.jpg,"03 신무릉도원-동행-천에먹 아크릴,73x91cm2012"
ink,images_backup/Ink/Ink/04 Utopia-A Meditation_Ink-stick and Acrylic on canvas60.6X72.7cm 2014.jpg,images/ink/04-utopia-a-meditation-ink-stick-and-acrylic-on-canvas60-6x72-7cm-2014.jpg,04 Utopia-A Meditation_Ink-stick and Acrylic on canvas60.6X72.7cm 2014
ink,images_backup/Ink/Ink/04 왕열 72.7X90.9cm.jpg,images/ink/04-wang-yeol-72-7x90-9cm.jpg,04 왕열 72.7X90.9cm
ink,"images_backup/Ink/Ink/05 신 무릉도원도-명상,천에먹,아크릴,73x50cm,2014..jpg",images/ink/05-sin-mu-reung-do-won-do-myeong-sang-cheon-e-meok-a-keu-ril-73x50cm-2014.jpg,"05 신 무릉도원도-명상,천에먹,아크릴,73x50cm,2014."
ink,"images_backup/Ink/Ink/05 신무릉도원-명상 -천에먹, 아크릴 50X72.7cm 2014.jpg",images/ink/05-sin-mu-reung-do-won-myeong-sang-cheon-e-meok-a-keu-ril-50x72-7cm-2014.jpg,"05 신무릉도원-명상 -천에먹, 아크릴 50X72.7cm 2014"
ink,images_backup/Ink/Ink/06 신무릉도원-동행-천에먹 아크릴71x93cm 1200만원.jpg,images/ink/06-sin-mu-reung-do-won-dong-haeng-cheon-e-meok-a-keu-ril-71x93cm-1200man-won.jpg,06 신무릉도원-동행-천에먹 아크릴71x93cm 1200만원
ink,"images_backup/Ink/Ink/07 신무릉도원-동행-천에먹, 아크릴53x45.5cm 500만원.jpg",images/ink/07-sin-mu-reung-do-won-dong-haeng-cheon-e-meok-a-keu-ril-53x45-5cm-500man-won.jpg,"07 신무릉도원-동행-천에먹, 아크릴53x45.5cm 500만원"
ink,"images_backup/Ink/Ink/09 신무릉도원-동행-천에먹 아크릴,224x224cm2012.jpg",images/ink/09-sin-mu-reung-do-won-dong-haeng-cheon-e-meok-a-keu-ril-224x224cm2012.jpg,"09 신무릉도원-동행-천에먹 아크릴,224x224cm2012"
ink,"images_backup/Ink/Ink/1.Utopia-meditation,Acrylic on canvas  116x91cm.jpg",images/ink/1-utopia-meditation-acrylic-on-canvas-116x91cm.jpg,"1.Utopia-meditation,Acrylic on canvas  116x91cm"
ink,"images_backup/Ink/Ink/1.Utopia-醉中, Acrylic on canvas, 90.9x72.7cm 2020.1900만원.jpg",images/ink/1-utopia-acrylic-on-canvas-90-9x72-7cm-2020-1900man-won.jpg,"1.Utopia-醉中, Acrylic on canvas, 90.9x72.7cm 2020.1900만원"
ink,images_backup/Ink/Ink/10 Utopia-A companion-Ink-Stick and Acrylic on Canvas225x225cm2011.jpg,images/ink/10-utopia-a-companion-ink-stick-and-acrylic-on-canvas225x225cm2011.jpg,10 Utopia-A companion-Ink-Stick and Acrylic on Canvas225x225cm2011
ink,"images_backup/Ink/Ink/10 신무릉도원-동행-천에먹 아크릴,224x224cm2012.jpg",images/ink/10-sin-mu-reung-do-won-dong-haeng-cheon-e-meok-a-keu-ril-224x224cm2012.jpg,"10 신무릉도원-동행-천에먹 아크릴,224x224cm2012"
ink,"images_backup/Ink/Ink/10,신무릉도원도,천에먹,아크릴.53x45.5cm, 2014 (2).jpg",images/ink/10-sin-mu-reung-do-won-do-cheon-e-meok-a-keu-ril-53x45-5cm-2014-2.jpg,"10,신무릉도원도,천에먹,아크릴.53x45.5cm, 2014 (2)"
ink,images_backup/Ink/Ink/12 Utopia-A companion-Ink-Stick and Acrylic on Canvas73x91cm2012.jpg,images/ink/12-utopia-a-companion-ink-stick-and-acrylic-on-canvas73x91cm2012.jpg,12 Utopia-A companion-Ink-Stick and Acrylic on Canvas73x91cm2012
ink,images_backup/Ink/Ink/12.Festivities-A Meditation_62cm x 47cm_Ink-stick and Acrylic on Korean paper 2013 700만원.jpg,images/ink/12-festivities-a-meditation-62cm-x-47cm-ink-stick-and-acrylic-on-korean-paper-2013-700man-won.jpg,12.Festivities-A Meditation_62cm x 47cm_Ink-stick and Acrylic on Korean paper 2013 700만원
ink,images_backup/Ink/Ink/125 Utopia-A companion-Ink-Stick and Acrylic on Canvas60.7x72.7cm2007.jpg,images/ink/125-utopia-a-companion-ink-stick-and-acrylic-on-canvas60-7x72-7cm2007.jpg,125 Utopia-A companion-Ink-Stick and Acrylic on Canvas60.7x72.7cm2007
ink,images_backup/Ink/Ink/126 Utopia-A companion-Ink-Stick and Acrylic on Canvas-110p.jpg,images/ink/126-utopia-a-companion-ink-stick-and-acrylic-on-canvas-110p.jpg,126 Utopia-A companion-Ink-Stick and Acrylic on Canvas-110p
ink,images_backup/Ink/Ink/14 Utopia-A companion-Ink-Stick and Acrylic on Canvas91x73cm2012.jpg,images/ink/14-utopia-a-companion-ink-stick-and-acrylic-on-canvas91x73cm2012.jpg,14 Utopia-A companion-Ink-Stick and Acrylic on Canvas91x73cm2012
ink,images_backup/Ink/Ink/14. Utopia-A Meditation-Ink-Stick and Acrylic on Canvas 90.5x72.5cm2023..jpg,images/ink/14-utopia-a-meditation-ink-stick-and-acrylic-on-canvas-90-5x72-5cm2023.jpg,14. Utopia-A Meditation-Ink-Stick and Acrylic on Canvas 90.5x72.5cm2023.
ink,"images_backup/Ink/Ink/14.Utopia-meditation,Acrylic on canvas  280x140cm.2023.jpg",images/ink/14-utopia-meditation-acrylic-on-canvas-280x140cm-2023.jpg,"14.Utopia-meditation,Acrylic on canvas  280x140cm.2023"
ink,images_backup/Ink/Ink/147  origin mixed media on korean paper 260x162cm2001-108p.jpg,images/ink/147-origin-mixed-media-on-korean-paper-260x162cm2001-108p.jpg,147  origin mixed media on korean paper 260x162cm2001-108p
ink,"images_backup/Ink/Ink/15  Utopia-A Meditation_Ink-stick and Acrylic on canvas ,135x135cm,2014..jpg",images/ink/15-utopia-a-meditation-ink-stick-and-acrylic-on-canvas-135x135cm-2014.jpg,"15  Utopia-A Meditation_Ink-stick and Acrylic on canvas ,135x135cm,2014."
ink,"images_backup/Ink/Ink/15.Utopia-meditation,Acrylic on canvas  280x140cm.2023.jpg",images/ink/15-utopia-meditation-acrylic-on-canvas-280x140cm-2023.jpg,"15.Utopia-meditation,Acrylic on canvas  280x140cm.2023"
ink,images_backup/Ink/Ink/16. Utopia-A companion-Ink-Stick and Acrylic on Canvas411x200cm2006.3억원(비매품).jpg,images/ink/16-utopia-a-companion-ink-stick-and-acrylic-on-canvas411x200cm2006-3eok-won-bi-mae-pum.jpg,16. Utopia-A companion-Ink-Stick and Acrylic on Canvas411x200cm2006.3억원(비매품)
ink,"images_backup/Ink/Ink/16..Utopia-醉中, Acrylic on canvas, 53.0x45.5cm 2021.jpg",images/ink/16-utopia-acrylic-on-canvas-53-0x45-5cm-2021.jpg,"16..Utopia-醉中, Acrylic on canvas, 53.0x45.5cm 2021"
ink,"images_backup/Ink/Ink/16.Utopia-Meditation, 90.9x72.7cmAcrylic on canvas, 2021.1500만원.jpg",images/ink/16-utopia-meditation-90-9x72-7cmacrylic-on-canvas-2021-1500man-won.jpg,"16.Utopia-Meditation, 90.9x72.7cmAcrylic on canvas, 2021.1500만원"
ink,"images_backup/Ink/Ink/16.Utopia-meditation,Acrylic on canvas  200x70cm.2023.2500만원.jpg",images/ink/16-utopia-meditation-acrylic-on-canvas-200x70cm-2023-2500man-won.jpg,"16.Utopia-meditation,Acrylic on canvas  200x70cm.2023.2500만원"
ink,"images_backup/Ink/Ink/16.Utopia-meditation,Acrylic on canvas  280x140cm.2023.jpg",images/ink/16-utopia-meditation-acrylic-on-canvas-280x140cm-2023.jpg,"16.Utopia-meditation,Acrylic on canvas  280x140cm.2023"
ink,"images_backup/Ink/Ink/17..Utopia-meditation,Acrylic on canvas 117cmx91cm,2020.  2500만원.jpg",images/ink/17-utopia-meditation-acrylic-on-canvas-117cmx91cm-2020-2500man-won.jpg,"17..Utopia-meditation,Acrylic on canvas 117cmx91cm,2020.  2500만원"
ink,"images_backup/Ink/Ink/17.Utopia-meditation,Acrylic on canvas  300x80cm.2023.4200만원.jpg",images/ink/17-utopia-meditation-acrylic-on-canvas-300x80cm-2023-4200man-won.jpg,"17.Utopia-meditation,Acrylic on canvas  300x80cm.2023.4200만원"
ink,"images_backup/Ink/Ink/18.Utopia-Meditation, Acrylic on canvas,140cmx140cm,2024. (2).jpg",images/ink/18-utopia-meditation-acrylic-on-canvas-140cmx140cm-2024-2.jpg,"18.Utopia-Meditation, Acrylic on canvas,140cmx140cm,2024. (2)"
ink,"images_backup/Ink/Ink/19.Utopia-meditation,Acrylic on canvas  280x140cm.2023.$23,000.jpg",images/ink/19-utopia-meditation-acrylic-on-canvas-280x140cm-2023-23-000.jpg,"19.Utopia-meditation,Acrylic on canvas  280x140cm.2023.$23,000"
ink,images_backup/Ink/Ink/2 Utopia-A companion-Ink-Stick and Acrylic on Canvas91x72.5cm2012. 1260만원.jpg,images/ink/2-utopia-a-companion-ink-stick-and-acrylic-on-canvas91x72-5cm2012-1260man-won.jpg,2 Utopia-A companion-Ink-Stick and Acrylic on Canvas91x72.5cm2012. 1260만원
ink,images_backup/Ink/Ink/2. Utopia-A companion-Ink-Stick and Acrylic on Canvas162x130cm2023 (3).jpg,images/ink/2-utopia-a-companion-ink-stick-and-acrylic-on-canvas162x130cm2023-3.jpg,2. Utopia-A companion-Ink-Stick and Acrylic on Canvas162x130cm2023 (3)
ink,images_backup/Ink/Ink/2.Utopia-A Meditation-Ink-Stick and Acrylic on Paper154x45.5cm2021..jpg,images/ink/2-utopia-a-meditation-ink-stick-and-acrylic-on-paper154x45-5cm2021.jpg,2.Utopia-A Meditation-Ink-Stick and Acrylic on Paper154x45.5cm2021.
ink,"images_backup/Ink/Ink/2.Utopia-meditation,Acrylic on canvas  200x70cm.2023.3000만원.jpg",images/ink/2-utopia-meditation-acrylic-on-canvas-200x70cm-2023-3000man-won.jpg,"2.Utopia-meditation,Acrylic on canvas  200x70cm.2023.3000만원"
ink,"images_backup/Ink/Ink/2.Utopia-meditation,Acrylic on canvas  280x140cm.2023..jpg",images/ink/2-utopia-meditation-acrylic-on-canvas-280x140cm-2023.jpg,"2.Utopia-meditation,Acrylic on canvas  280x140cm.2023."
ink,"images_backup/Ink/Ink/2.Utopia-醉中, Acrylic on canvas, 90.9x72.7cm 2020.1500만원.jpg",images/ink/2-utopia-acrylic-on-canvas-90-9x72-7cm-2020-1500man-won.jpg,"2.Utopia-醉中, Acrylic on canvas, 90.9x72.7cm 2020.1500만원"
ink,"images_backup/Ink/Ink/2.Utopia-醉中, Acrylic on canvas, 90.9x72.7cm 2021.1500만원.jpg",images/ink/2-utopia-acrylic-on-canvas-90-9x72-7cm-2021-1500man-won.jpg,"2.Utopia-醉中, Acrylic on canvas, 90.9x72.7cm 2021.1500만원"
ink,images_backup/Ink/Ink/2004. After the winter-Ink-Stick and Acrylic on Canvas-72x100cm.jpg,images/ink/2004-after-the-winter-ink-stick-and-acrylic-on-canvas-72x100cm.jpg,2004. After the winter-Ink-Stick and Acrylic on Canvas-72x100cm
ink,"images_backup/Ink/Ink/2014..신무릉도원-명상 -천에먹, 아크릴 135X135cm 2014.jpg",images/ink/2014-sin-mu-reung-do-won-myeong-sang-cheon-e-meok-a-keu-ril-135x135cm-2014.jpg,"2014..신무릉도원-명상 -천에먹, 아크릴 135X135cm 2014"
ink,"images_backup/Ink/Ink/2017 신무릉도원도-동행, 53X45cm,천에먹 아크릴,2017.JPG",images/ink/2017-sin-mu-reung-do-won-do-dong-haeng-53x45cm-cheon-e-meok-a-keu-ril-2017.jpg,"2017 신무릉도원도-동행, 53X45cm,천에먹 아크릴,2017"
ink,"images_backup/Ink/Ink/2019 Utopia-A Meditation_Ink-stick and Acrylic on canvas 60x72cm, 2019.jpg",images/ink/2019-utopia-a-meditation-ink-stick-and-acrylic-on-canvas-60x72cm-2019.jpg,"2019 Utopia-A Meditation_Ink-stick and Acrylic on canvas 60x72cm, 2019"
ink,"images_backup/Ink/Ink/2019. Flower in Utopia,80.0x300.0cm,Acrylic on canvas,.jpg",images/ink/2019-flower-in-utopia-80-0x300-0cm-acrylic-on-canvas.jpg,"2019. Flower in Utopia,80.0x300.0cm,Acrylic on canvas,"
ink,"images_backup/Ink/Ink/2019. Utopia-A companion-Ink-Stick and Acrylic on Canvas,60x72cm2.jpg",images/ink/2019-utopia-a-companion-ink-stick-and-acrylic-on-canvas-60x72cm2.jpg,"2019. Utopia-A companion-Ink-Stick and Acrylic on Canvas,60x72cm2"
ink,"images_backup/Ink/Ink/21.Utopia-meditation,Acrylic on canvas  116x91cm.2023.$12,000.jpg",images/ink/21-utopia-meditation-acrylic-on-canvas-116x91cm-2023-12-000.jpg,"21.Utopia-meditation,Acrylic on canvas  116x91cm.2023.$12,000"
ink,"images_backup/Ink/Ink/22.Utopia-meditation,Acrylic on canvas 117cmx91cm,2021.$12,000.jpg",images/ink/22-utopia-meditation-acrylic-on-canvas-117cmx91cm-2021-12-000.jpg,"22.Utopia-meditation,Acrylic on canvas 117cmx91cm,2021.$12,000"
ink,"images_backup/Ink/Ink/25 신 무릉도원도-명상,천에먹,아크릴,171x121cm, 2014..jpg",images/ink/25-sin-mu-reung-do-won-do-myeong-sang-cheon-e-meok-a-keu-ril-171x121cm-2014.jpg,"25 신 무릉도원도-명상,천에먹,아크릴,171x121cm, 2014."
ink,"images_backup/Ink/Ink/25.Utopia-meditation,Acrylic on canvas  140x140cm.2023.4000만원.jpg",images/ink/25-utopia-meditation-acrylic-on-canvas-140x140cm-2023-4000man-won.jpg,"25.Utopia-meditation,Acrylic on canvas  140x140cm.2023.4000만원"
ink,images_backup/Ink/Ink/27 Utopia-A companion-Ink-Stick and Acrylic on Canvas225x225cm2011.jpg,images/ink/27-utopia-a-companion-ink-stick-and-acrylic-on-canvas225x225cm2011.jpg,27 Utopia-A companion-Ink-Stick and Acrylic on Canvas225x225cm2011
ink,images_backup/Ink/Ink/3.  Utopia-A companion-Ink-Stick and Acrylic on Canvas140x140cm2012.jpg,images/ink/3-utopia-a-companion-ink-stick-and-acrylic-on-canvas140x140cm2012.jpg,3.  Utopia-A companion-Ink-Stick and Acrylic on Canvas140x140cm2012
ink,images_backup/Ink/Ink/3. Utopia-A companion-Ink-Stick and Acrylic on Canvas162x130cm.2023.4200만원.jpg,images/ink/3-utopia-a-companion-ink-stick-and-acrylic-on-canvas162x130cm-2023-4200man-won.jpg,3. Utopia-A companion-Ink-Stick and Acrylic on Canvas162x130cm.2023.4200만원
ink,images_backup/Ink/Ink/3. Utopia-A companion-Ink-Stick and Acrylic on Canvas45x54cm2022. 600만원.jpg,images/ink/3-utopia-a-companion-ink-stick-and-acrylic-on-canvas45x54cm2022-600man-won.jpg,3. Utopia-A companion-Ink-Stick and Acrylic on Canvas45x54cm2022. 600만원
ink,"images_backup/Ink/Ink/4. Utopia-A companion-Ink-Stick and Acrylic on Canvas162x130cm.2023,$19,000.jpg",images/ink/4-utopia-a-companion-ink-stick-and-acrylic-on-canvas162x130cm-2023-19-000.jpg,"4. Utopia-A companion-Ink-Stick and Acrylic on Canvas162x130cm.2023,$19,000"
ink,"images_backup/Ink/Ink/4.Utopia-meditation,Acrylic on canvas  200x70cm.2023.jpg",images/ink/4-utopia-meditation-acrylic-on-canvas-200x70cm-2023.jpg,"4.Utopia-meditation,Acrylic on canvas  200x70cm.2023"
ink,"images_backup/Ink/Ink/5. Utopia-A companion-Ink-Stick and Acrylic on Canvas162x130cm.2023.$19,000.jpg",images/ink/5-utopia-a-companion-ink-stick-and-acrylic-on-canvas162x130cm-2023-19-000.jpg,"5. Utopia-A companion-Ink-Stick and Acrylic on Canvas162x130cm.2023.$19,000"
ink,"images_backup/Ink/Ink/50.  Utopia-A Meditation_Ink-stick and Acrylic on canvas 244x135cm, 2017,4800만원.jpg",images/ink/50-utopia-a-meditation-ink-stick-and-acrylic-on-canvas-244x135cm-2017-4800man-won.jpg,"50.  Utopia-A Meditation_Ink-stick and Acrylic on canvas 244x135cm, 2017,4800만원"
ink,"images_backup/Ink/Ink/7.Utopia-meditation,Acrylic on canvas  140x140cm (2) (1).jpg",images/ink/7-utopia-meditation-acrylic-on-canvas-140x140cm-2-1.jpg,"7.Utopia-meditation,Acrylic on canvas  140x140cm (2) (1)"
ink,"images_backup/Ink/Ink/7.Utopia-meditation,Acrylic on canvas  140x140cm.2023.4000만원.jpg",images/ink/7-utopia-meditation-acrylic-on-canvas-140x140cm-2023-4000man-won.jpg,"7.Utopia-meditation,Acrylic on canvas  140x140cm.2023.4000만원"
ink,"images_backup/Ink/Ink/7.Utopia-meditation,Acrylic on canvas  140x140cm.2023.jpg",images/ink/7-utopia-meditation-acrylic-on-canvas-140x140cm-2023.jpg,"7.Utopia-meditation,Acrylic on canvas  140x140cm.2023"
ink,"images_backup/Ink/Ink/7.Utopia-meditation,Acrylic on canvas  162x130cm.2023.jpg",images/ink/7-utopia-meditation-acrylic-on-canvas-162x130cm-2023.jpg,"7.Utopia-meditation,Acrylic on canvas  162x130cm.2023"
ink,"images_backup/Ink/Ink/70 harmony songs, mixed media on korean paper63x95cm 2000.jpg",images/ink/70-harmony-songs-mixed-media-on-korean-paper63x95cm-2000.jpg,"70 harmony songs, mixed media on korean paper63x95cm 2000"
ink,"images_backup/Ink/Ink/8.Utopia-meditation,Acrylic on canvas  140x140cm.2023. $19,000.jpg",images/ink/8-utopia-meditation-acrylic-on-canvas-140x140cm-2023-19-000.jpg,"8.Utopia-meditation,Acrylic on canvas  140x140cm.2023. $19,000"
ink,"images_backup/Ink/Ink/8.신 무릉도원도-224cmx143cm,명상,천에 먹 과아크릴,2017 (1).JPG",images/ink/8-sin-mu-reung-do-won-do-224cmx143cm-myeong-sang-cheon-e-meok-gwa-a-keu-ril-2017-1.jpg,"8.신 무릉도원도-224cmx143cm,명상,천에 먹 과아크릴,2017 (1)"
ink,"images_backup/Ink/Ink/9.Utopia-A Meditation 135x135cm Ink-Stick and Acrylic on Canvas.2012.$19,000.jpg",images/ink/9-utopia-a-meditation-135x135cm-ink-stick-and-acrylic-on-canvas-2012-19-000.jpg,"9.Utopia-A Meditation 135x135cm Ink-Stick and Acrylic on Canvas.2012.$19,000"
ink,images_backup/Ink/Ink/DSC_0651-2.jpg,images/ink/dsc-0651-2.jpg,DSC_0651-2
ink,images_backup/Ink/Ink/KakaoTalk_20260316_221655943.jpg,images/ink/kakaotalk-20260316-221655943.jpg,KakaoTalk_20260316_221655943
ink,images_backup/Ink/Ink/KakaoTalk_20260316_222233926.jpg,images/ink/kakaotalk-20260316-222233926.jpg,KakaoTalk_20260316_222233926
ink,images_backup/Ink/Ink/KakaoTalk_20260316_222454338.jpg,images/ink/kakaotalk-20260316-222454338.jpg,KakaoTalk_20260316_222454338
ink,images_backup/Ink/Ink/Utopia-A companion-Ink-Stick and Acrylic on Canvas112x171cm.jpg,images/ink/utopia-a-companion-ink-stick-and-acrylic-on-canvas112x171cm.jpg,Utopia-A companion-Ink-Stick and Acrylic on Canvas112x171cm
ink,"images_backup/Ink/Ink/Utopia-Meditation, Acrylic on canvas,280cmx140cm,2024 (2).jpg",images/ink/utopia-meditation-acrylic-on-canvas-280cmx140cm-2024-2.jpg,"Utopia-Meditation, Acrylic on canvas,280cmx140cm,2024 (2)"
ink,"images_backup/Ink/Ink/Utopia-Meditation, Acrylic on canvas,280cmx140cm,2024.jpg",images/ink/utopia-meditation-acrylic-on-canvas-280cmx140cm-2024.jpg,"Utopia-Meditation, Acrylic on canvas,280cmx140cm,2024"
ink,"images_backup/Ink/Ink/Utopia-Meditation, Acrylic on canvas,300cmx80cm,2024 (2).jpg",images/ink/utopia-meditation-acrylic-on-canvas-300cmx80cm-2024-2.jpg,"Utopia-Meditation, Acrylic on canvas,300cmx80cm,2024 (2)"
ink,"images_backup/Ink/Ink/Utopia-Meditation, Acrylic on canvas,300cmx80cm,2024.jpg",images/ink/utopia-meditation-acrylic-on-canvas-300cmx80cm-2024.jpg,"Utopia-Meditation, Acrylic on canvas,300cmx80cm,2024"
ink,"images_backup/Ink/Ink/가장-혹은나의모습  한지,먹,아크릴.JPG",images/ink/ga-jang-hok-eun-na-ui-mo-seup-han-ji-meok-a-keu-ril.jpg,"가장-혹은나의모습  한지,먹,아크릴"
ink,images_backup/Ink/Ink/겨울나기 (1).jpg,images/ink/gyeo-ul-na-gi-1.jpg,겨울나기 (1)
ink,images_backup/Ink/Ink/겨울나기 (2).jpg,images/ink/gyeo-ul-na-gi-2.jpg,겨울나기 (2)
ink,images_backup/Ink/Ink/겨울나기 (3).jpg,images/ink/gyeo-ul-na-gi-3.jpg,겨울나기 (3)
ink,images_backup/Ink/Ink/겨울나기.jpg,images/ink/gyeo-ul-na-gi.jpg,겨울나기
ink,"images_backup/Ink/Ink/신무릉도원도,천에먹,아크릴.171x121cm, 2014.jpg",images/ink/sin-mu-reung-do-won-do-cheon-e-meok-a-keu-ril-171x121cm-2014.jpg,"신무릉도원도,천에먹,아크릴.171x121cm, 2014"
ink,"images_backup/Ink/Ink/신무릉도원도-명상, 천에먹,아크릴,2017.JPG",images/ink/sin-mu-reung-do-won-do-myeong-sang-cheon-e-meok-a-keu-ril-2017.jpg,"신무릉도원도-명상, 천에먹,아크릴,2017"
ink,images_backup/Ink/Ink/아침-가장의모습2000.한지.먹.혼합재료 130x162.jpg,images/ink/a-chim-ga-jang-ui-mo-seup-2000-han-ji-meok-hon-hap-jae-ryo-130x162.jpg,아침-가장의모습2000.한지.먹.혼합재료 130x162
ink,"images_backup/Ink/Ink/왕열  Flower in Utopia,116.8x91.0cm,Acrylic on canvas, 2019.jpg",images/ink/wang-yeol-flower-in-utopia-116-8x91-0cm-acrylic-on-canvas-2019.jpg,"왕열  Flower in Utopia,116.8x91.0cm,Acrylic on canvas, 2019"
ink,"images_backup/Ink/Ink/왕열 .Utopia-meditation,Acrylic on canvas 53.0x45.5cm.2021-03.jpg",images/ink/wang-yeol-utopia-meditation-acrylic-on-canvas-53-0x45-5cm-2021-03.jpg,"왕열 .Utopia-meditation,Acrylic on canvas 53.0x45.5cm.2021-03"
ink,images_backup/Ink/Ink/왕열 53.0x45.5cm 2022-02.tif,images/ink/wang-yeol-53-0x45-5cm-2022-02.tif,왕열 53.0x45.5cm 2022-02
ink,"images_backup/Ink/Ink/왕열 Utopia-Meditation, 90.9x72.7cm,Acrylic on canvas, 2020-07.jpg",images/ink/wang-yeol-utopia-meditation-90-9x72-7cm-acrylic-on-canvas-2020-07.jpg,"왕열 Utopia-Meditation, 90.9x72.7cm,Acrylic on canvas, 2020-07"
ink,"images_backup/Ink/Ink/왕열 Utopia-Meditation, 90.9x72.7cmAcrylic on canvas, 2020-05.jpg",images/ink/wang-yeol-utopia-meditation-90-9x72-7cmacrylic-on-canvas-2020-05.jpg,"왕열 Utopia-Meditation, 90.9x72.7cmAcrylic on canvas, 2020-05"
ink,"images_backup/Ink/Ink/왕열.Utopia-meditation,Acrylic on canvas  53.0x45.5cm.2021.600만원.jpg",images/ink/wang-yeol-utopia-meditation-acrylic-on-canvas-53-0x45-5cm-2021-600man-won.jpg,"왕열.Utopia-meditation,Acrylic on canvas  53.0x45.5cm.2021.600만원"
red,"images_backup/Red/Red/02 신무릉도원-동행-천에먹, 아크릴-60.5x72.5cm 750만원.jpg",images/red/02-sin-mu-reung-do-won-dong-haeng-cheon-e-meok-a-keu-ril-60-5x72-5cm-750man-won.jpg,"02 신무릉도원-동행-천에먹, 아크릴-60.5x72.5cm 750만원"
red,images_backup/Red/Red/03  신무릉도원-동행-천에먹 아크릴 162x97cm2011.TIF,images/red/03-sin-mu-reung-do-won-dong-haeng-cheon-e-meok-a-keu-ril-162x97cm2011.tif,03  신무릉도원-동행-천에먹 아크릴 162x97cm2011
red,images_backup/Red/Red/03 Utopia-A Meditation_60.6X72.7cm.jpg,images/red/03-utopia-a-meditation-60-6x72-7cm.jpg,03 Utopia-A Meditation_60.6X72.7cm
red,"images_backup/Red/Red/03 신무릉도원-명상 -천에먹, 아크릴 72.7X90.9cm 2014.jpg",images/red/03-sin-mu-reung-do-won-myeong-sang-cheon-e-meok-a-keu-ril-72-7x90-9cm-2014.jpg,"03 신무릉도원-명상 -천에먹, 아크릴 72.7X90.9cm 2014"
red,"images_backup/Red/Red/07 신무릉도원-명상 -천에먹, 아크릴 97X162cm 2014.jpg",images/red/07-sin-mu-reung-do-won-myeong-sang-cheon-e-meok-a-keu-ril-97x162cm-2014.jpg,"07 신무릉도원-명상 -천에먹, 아크릴 97X162cm 2014"
red,"images_backup/Red/Red/1.Utopia-meditation,Acrylic on canvas  280x280cm.2023.jpg",images/red/1-utopia-meditation-acrylic-on-canvas-280x280cm-2023.jpg,"1.Utopia-meditation,Acrylic on canvas  280x280cm.2023"
red,images_backup/Red/Red/10Utopia-A companion_Ink-stick and Acrylic on canvas.jpg,images/red/10utopia-a-companion-ink-stick-and-acrylic-on-canvas.jpg,10Utopia-A companion_Ink-stick and Acrylic on canvas
red,images_backup/Red/Red/10월.jpg,images/red/10wol.jpg,10월
red,images_backup/Red/Red/11 신무릉도원-동행-천에먹 아크릴71x93cm2012.jpg,images/red/11-sin-mu-reung-do-won-dong-haeng-cheon-e-meok-a-keu-ril-71x93cm2012.jpg,11 신무릉도원-동행-천에먹 아크릴71x93cm2012
red,"images_backup/Red/Red/11.Utopia-meditation,Acrylic on canvas  140x140cm.2023.jpg",images/red/11-utopia-meditation-acrylic-on-canvas-140x140cm-2023.jpg,"11.Utopia-meditation,Acrylic on canvas  140x140cm.2023"
red,images_backup/Red/Red/13신무릉도원(동행)천에먹 아크릴73x91cm2011.jpg,images/red/13sin-mu-reung-do-won-dong-haeng-cheon-e-meok-a-keu-ril-73x91cm2011.jpg,13신무릉도원(동행)천에먹 아크릴73x91cm2011
red,images_backup/Red/Red/15.Utopia-A companion_73cm x 61cm_Ink-stick and Acrylic on canvas 2013.jpg,images/red/15-utopia-a-companion-73cm-x-61cm-ink-stick-and-acrylic-on-canvas-2013.jpg,15.Utopia-A companion_73cm x 61cm_Ink-stick and Acrylic on canvas 2013
red,images_backup/Red/Red/18 Utopia-A companion-Ink-Stick and Acrylic on Canvas60.5x72.5cm2012.jpg,images/red/18-utopia-a-companion-ink-stick-and-acrylic-on-canvas60-5x72-5cm2012.jpg,18 Utopia-A companion-Ink-Stick and Acrylic on Canvas60.5x72.5cm2012
red,"images_backup/Red/Red/18.Utopia-Meditation, Acrylic on canvas,140cmx140cm,2025.5000만원.jpg",images/red/18-utopia-meditation-acrylic-on-canvas-140cmx140cm-2025-5000man-won.jpg,"18.Utopia-Meditation, Acrylic on canvas,140cmx140cm,2025.5000만원"
red,"images_backup/Red/Red/19.Utopia-Meditation, Acrylic on canvas,140cmx140cm,2025.5000만원.jpg",images/red/19-utopia-meditation-acrylic-on-canvas-140cmx140cm-2025-5000man-won.jpg,"19.Utopia-Meditation, Acrylic on canvas,140cmx140cm,2025.5000만원"
red,"images_backup/Red/Red/2. Utopia-A companion 72x92cm Ink-Stick and Acrylic on Canvas, 2017,1500만원.jpg",images/red/2-utopia-a-companion-72x92cm-ink-stick-and-acrylic-on-canvas-2017-1500man-won.jpg,"2. Utopia-A companion 72x92cm Ink-Stick and Acrylic on Canvas, 2017,1500만원"
red,images_backup/Red/Red/2. Utopia-A companion(lover)-Ink-Stick and Acrylic on Canvas 2007. 4800만원.jpg,images/red/2-utopia-a-companion-lover-ink-stick-and-acrylic-on-canvas-2007-4800man-won.jpg,2. Utopia-A companion(lover)-Ink-Stick and Acrylic on Canvas 2007. 4800만원
red,"images_backup/Red/Red/2. Utopia-A companion-Ink-Stick and Acrylic on Canvas,120.5x180.2cm,2010,  3800만원.jpg",images/red/2-utopia-a-companion-ink-stick-and-acrylic-on-canvas-120-5x180-2cm-2010-3800man-won.jpg,"2. Utopia-A companion-Ink-Stick and Acrylic on Canvas,120.5x180.2cm,2010,  3800만원"
red,"images_backup/Red/Red/2. Utopia-A companion-Ink-Stick and Acrylic on Canvas,394x333cm, 2008. 8800만원.jpg",images/red/2-utopia-a-companion-ink-stick-and-acrylic-on-canvas-394x333cm-2008-8800man-won.jpg,"2. Utopia-A companion-Ink-Stick and Acrylic on Canvas,394x333cm, 2008. 8800만원"
red,"images_backup/Red/Red/2. Utopia-A companion-Ink-Stick and Acrylic on Canvas140x140cm, 2017,       3800만원.jpg",images/red/2-utopia-a-companion-ink-stick-and-acrylic-on-canvas140x140cm-2017-3800man-won.jpg,"2. Utopia-A companion-Ink-Stick and Acrylic on Canvas140x140cm, 2017,       3800만원"
red,"images_backup/Red/Red/2. Utopia-A companion-Ink-Stick and Acrylic on Canvas80x116.5cm,2008. 2700만원.JPG",images/red/2-utopia-a-companion-ink-stick-and-acrylic-on-canvas80x116-5cm-2008-2700man-won.jpg,"2. Utopia-A companion-Ink-Stick and Acrylic on Canvas80x116.5cm,2008. 2700만원"
red,"images_backup/Red/Red/2. Utopia-Ink-Stickand Acrylic on Canvas,141x141cm, 2007. 3800만원.jpg",images/red/2-utopia-ink-stickand-acrylic-on-canvas-141x141cm-2007-3800man-won.jpg,"2. Utopia-Ink-Stickand Acrylic on Canvas,141x141cm, 2007. 3800만원"
red,images_backup/Red/Red/2.jpg,images/red/2.jpg,2
red,images_backup/Red/Red/20. Utopia-A Meditation-Ink-Stick and Acrylic on Canvas 222x222cm.2023.9500만원.jpg,images/red/20-utopia-a-meditation-ink-stick-and-acrylic-on-canvas-222x222cm-2023-9500man-won.jpg,20. Utopia-A Meditation-Ink-Stick and Acrylic on Canvas 222x222cm.2023.9500만원
red,"images_backup/Red/Red/20.Utopia-meditation,Acrylic on canvas  116x91cm.2023.jpg",images/red/20-utopia-meditation-acrylic-on-canvas-116x91cm-2023.jpg,"20.Utopia-meditation,Acrylic on canvas  116x91cm.2023"
red,images_backup/Red/Red/2008. Utopia-A companion-Ink-Stick and Acrylic on Canvas80x116.5cm.jpg,images/red/2008-utopia-a-companion-ink-stick-and-acrylic-on-canvas80x116-5cm.jpg,2008. Utopia-A companion-Ink-Stick and Acrylic on Canvas80x116.5cm
red,images_backup/Red/Red/2014. Utopia-A Meditation_Ink-stick and Acrylic on canvas  64X94cm 2014.jpg,images/red/2014-utopia-a-meditation-ink-stick-and-acrylic-on-canvas-64x94cm-2014.jpg,2014. Utopia-A Meditation_Ink-stick and Acrylic on canvas  64X94cm 2014
red,"images_backup/Red/Red/21 신 무릉도원도명상,천에먹,아크릴,117x73cm,2014..jpg",images/red/21-sin-mu-reung-do-won-do-myeong-sang-cheon-e-meok-a-keu-ril-117x73cm-2014.jpg,"21 신 무릉도원도명상,천에먹,아크릴,117x73cm,2014."
red,"images_backup/Red/Red/21.Utopia-meditation,Acrylic on canvas  280x140cm.2023.jpg",images/red/21-utopia-meditation-acrylic-on-canvas-280x140cm-2023.jpg,"21.Utopia-meditation,Acrylic on canvas  280x140cm.2023"
red,images_backup/Red/Red/22 Utopia-A companion-Ink-Stick and Acrylic on Canvas73x91cm2011.jpg,images/red/22-utopia-a-companion-ink-stick-and-acrylic-on-canvas73x91cm2011.jpg,22 Utopia-A companion-Ink-Stick and Acrylic on Canvas73x91cm2011
red,images_backup/Red/Red/22 Utopia-A companion_Ink-stick and Acrylic on canvas.jpg,images/red/22-utopia-a-companion-ink-stick-and-acrylic-on-canvas.jpg,22 Utopia-A companion_Ink-stick and Acrylic on canvas
red,"images_backup/Red/Red/22.Utopia-meditation,Acrylic on canvas  116x91cm.2023.jpg",images/red/22-utopia-meditation-acrylic-on-canvas-116x91cm-2023.jpg,"22.Utopia-meditation,Acrylic on canvas  116x91cm.2023"
red,"images_backup/Red/Red/29 신 무릉도원도-명상,천에먹,아크릴,80x300cm,2014..jpg",images/red/29-sin-mu-reung-do-won-do-myeong-sang-cheon-e-meok-a-keu-ril-80x300cm-2014.jpg,"29 신 무릉도원도-명상,천에먹,아크릴,80x300cm,2014."
red,"images_backup/Red/Red/3.  Utopia-A companion-Ink-Stick and Acrylic on Canvas 218x333cm,2012.jpg",images/red/3-utopia-a-companion-ink-stick-and-acrylic-on-canvas-218x333cm-2012.jpg,"3.  Utopia-A companion-Ink-Stick and Acrylic on Canvas 218x333cm,2012"
red,images_backup/Red/Red/39. Utopia-A Meditation-Ink-Stick and Acrylic on Canvas 222x222cm2023..jpg,images/red/39-utopia-a-meditation-ink-stick-and-acrylic-on-canvas-222x222cm2023.jpg,39. Utopia-A Meditation-Ink-Stick and Acrylic on Canvas 222x222cm2023.
red,images_backup/Red/Red/4. Utopia-A companion-Ink-Stick and Acrylic on Canvas80x116.5cm2008-1.jpg,images/red/4-utopia-a-companion-ink-stick-and-acrylic-on-canvas80x116-5cm2008-1.jpg,4. Utopia-A companion-Ink-Stick and Acrylic on Canvas80x116.5cm2008-1
red,images_backup/Red/Red/4. Utopia-A companion-Ink-Stick and Acrylic on Canvas80x116.5cm2008.JPG,images/red/4-utopia-a-companion-ink-stick-and-acrylic-on-canvas80x116-5cm2008.jpg,4. Utopia-A companion-Ink-Stick and Acrylic on Canvas80x116.5cm2008
red,"images_backup/Red/Red/4.Utopia-meditation,Acrylic on canvas  116x91cm.2023.jpg",images/red/4-utopia-meditation-acrylic-on-canvas-116x91cm-2023.jpg,"4.Utopia-meditation,Acrylic on canvas  116x91cm.2023"
red,images_backup/Red/Red/5. Utopia-A companion-Ink-Stick and Acrylic on Canvas45x54cm2022. 600만원 (2).jpg,images/red/5-utopia-a-companion-ink-stick-and-acrylic-on-canvas45x54cm2022-600man-won-2.jpg,5. Utopia-A companion-Ink-Stick and Acrylic on Canvas45x54cm2022. 600만원 (2)
red,"images_backup/Red/Red/8. Utopia-A companion-Ink-Stick and Acrylic on Canvas121x100cm, 2017,3400만원.jpg",images/red/8-utopia-a-companion-ink-stick-and-acrylic-on-canvas121x100cm-2017-3400man-won.jpg,"8. Utopia-A companion-Ink-Stick and Acrylic on Canvas121x100cm, 2017,3400만원"
red,images_backup/Red/Red/9.Utopia-A companion_53cm x 45.5cm_Ink-stick and Acrylic on canvas 2013.jpg,images/red/9-utopia-a-companion-53cm-x-45-5cm-ink-stick-and-acrylic-on-canvas-2013.jpg,9.Utopia-A companion_53cm x 45.5cm_Ink-stick and Acrylic on canvas 2013
red,images_backup/Red/Red/IMG_1496.JPG,images/red/img-1496.jpg,IMG_1496
red,images_backup/Red/Red/KakaoTalk_20220904_145153056.jpg,images/red/kakaotalk-20220904-145153056.jpg,KakaoTalk_20220904_145153056
red,images_backup/Red/Red/KakaoTalk_20250519_012830587_01.jpg,images/red/kakaotalk-20250519-012830587-01.jpg,KakaoTalk_20250519_012830587_01
red,images_backup/Red/Red/KakaoTalk_20250519_012830587_03.jpg,images/red/kakaotalk-20250519-012830587-03.jpg,KakaoTalk_20250519_012830587_03
red,images_backup/Red/Red/KakaoTalk_20250519_012830587_04.jpg,images/red/kakaotalk-20250519-012830587-04.jpg,KakaoTalk_20250519_012830587_04
red,images_backup/Red/Red/Utopia-A Meditation_225cm x 225cm_Ink-stick and Acrylic on canvas 2013.jpg,images/red/utopia-a-meditation-225cm-x-225cm-ink-stick-and-acrylic-on-canvas-2013.jpg,Utopia-A Meditation_225cm x 225cm_Ink-stick and Acrylic on canvas 2013
red,"images_backup/Red/Red/Utopia-A Meditation_Ink-stick and Acrylic on canvas .117x73cm, 2014 (4).jpg",images/red/utopia-a-meditation-ink-stick-and-acrylic-on-canvas-117x73cm-2014-4.jpg,"Utopia-A Meditation_Ink-stick and Acrylic on canvas .117x73cm, 2014 (4)"
red,images_backup/Red/Red/Utopia-A companion-Ink-Stick and Acrylic on Canvas2009  40호.JPG,images/red/utopia-a-companion-ink-stick-and-acrylic-on-canvas2009-40ho.jpg,Utopia-A companion-Ink-Stick and Acrylic on Canvas2009  40호
red,"images_backup/Red/Red/Utopia-Meditation, Acrylic on canvas,160cmx300cm,2024.6500만원.jpg",images/red/utopia-meditation-acrylic-on-canvas-160cmx300cm-2024-6500man-won.jpg,"Utopia-Meditation, Acrylic on canvas,160cmx300cm,2024.6500만원"
red,"images_backup/Red/Red/Utopia-Meditation, Acrylic on canvas,224cmx224cm,2024.9000만원.jpg",images/red/utopia-meditation-acrylic-on-canvas-224cmx224cm-2024-9000man-won.jpg,"Utopia-Meditation, Acrylic on canvas,224cmx224cm,2024.9000만원"
red,"images_backup/Red/Red/가을날의 여행겨울나기이후 After the winter-Ink-Stick and Acrylic on Canv72x64cm,2004.jpg",images/red/ga-eul-nal-ui-yeo-haeng-gyeo-ul-na-gi-i-hu-after-the-winter-ink-stick-and-acrylic-on-canv72x64cm-2004.jpg,"가을날의 여행겨울나기이후 After the winter-Ink-Stick and Acrylic on Canv72x64cm,2004"
red,images_backup/Red/Red/올IMG_9154.jpg,images/red/ol-img-9154.jpg,올IMG_9154
red,"images_backup/Red/Red/왕열08_신 무릉도원도-명상_70x200cm_천에먹, 아크릴_2015.jpg",images/red/wang-yeol-08-sin-mu-reung-do-won-do-myeong-sang-70x200cm-cheon-e-meok-a-keu-ril-2015.jpg,"왕열08_신 무릉도원도-명상_70x200cm_천에먹, 아크릴_2015"
blue,images_backup/blue/Blouew/02  Utopia-A Meditation_Ink-stick and Acrylic on canvas  64X94cm 2014.jpg,images/blue/02-utopia-a-meditation-ink-stick-and-acrylic-on-canvas-64x94cm-2014.jpg,02  Utopia-A Meditation_Ink-stick and Acrylic on canvas  64X94cm 2014
blue,images_backup/blue/Blouew/03 신무릉도원-동행-천에먹 아크릴112x162cm2012.jpg,images/blue/03-sin-mu-reung-do-won-dong-haeng-cheon-e-meok-a-keu-ril-112x162cm2012.jpg,03 신무릉도원-동행-천에먹 아크릴112x162cm2012
blue,"images_backup/blue/Blouew/03 신무릉도원-명상 -천에먹, 아크릴 140X140cm 2014.jpg",images/blue/03-sin-mu-reung-do-won-myeong-sang-cheon-e-meok-a-keu-ril-140x140cm-2014.jpg,"03 신무릉도원-명상 -천에먹, 아크릴 140X140cm 2014"
blue,"images_backup/blue/Blouew/08 신무릉도원-동행-천에먹, 아크릴 117x80cm2200만원.jpg",images/blue/08-sin-mu-reung-do-won-dong-haeng-cheon-e-meok-a-keu-ril-117x80cm2200man-won.jpg,"08 신무릉도원-동행-천에먹, 아크릴 117x80cm2200만원"
blue,"images_backup/blue/Blouew/1.Utopia-meditation,Acrylic on canvas  138x169.7cm.2022.5500만원.jpg",images/blue/1-utopia-meditation-acrylic-on-canvas-138x169-7cm-2022-5500man-won.jpg,"1.Utopia-meditation,Acrylic on canvas  138x169.7cm.2022.5500만원"
blue,"images_backup/blue/Blouew/1.Utopia-meditation,Acrylic on canvas  280x140cm.2023.5800만원.jpg",images/blue/1-utopia-meditation-acrylic-on-canvas-280x140cm-2023-5800man-won.jpg,"1.Utopia-meditation,Acrylic on canvas  280x140cm.2023.5800만원"
blue,"images_backup/blue/Blouew/1.왕열 .Utopia-Meditation, 116.8x91.0cm Acrylic on canvas, 2022.2500만원.jpg",images/blue/1-wang-yeol-utopia-meditation-116-8x91-0cm-acrylic-on-canvas-2022-2500man-won.jpg,"1.왕열 .Utopia-Meditation, 116.8x91.0cm Acrylic on canvas, 2022.2500만원"
blue,"images_backup/blue/Blouew/10.Utopia-meditation,Acrylic on canvas  140x140cm.2023.jpg",images/blue/10-utopia-meditation-acrylic-on-canvas-140x140cm-2023.jpg,"10.Utopia-meditation,Acrylic on canvas  140x140cm.2023"
blue,images_backup/blue/Blouew/112 Utopia-A companion-Ink-Stick and Acrylic on Canvas.jpg,images/blue/112-utopia-a-companion-ink-stick-and-acrylic-on-canvas.jpg,112 Utopia-A companion-Ink-Stick and Acrylic on Canvas
blue,images_backup/blue/Blouew/112_145-1.jpg,images/blue/112-145-1.jpg,112_145-1
blue,"images_backup/blue/Blouew/117 Utopia-A companion-Ink-Stick and Acrylic on Canvas145.5x112.1cm2007-111p 3,000만원.jpg",images/blue/117-utopia-a-companion-ink-stick-and-acrylic-on-canvas145-5x112-1cm2007-111p-3-000man-won.jpg,"117 Utopia-A companion-Ink-Stick and Acrylic on Canvas145.5x112.1cm2007-111p 3,000만원"
blue,"images_backup/blue/Blouew/1171.Utopia-Meditation, Acrylic on canvas,280cmx140cm,2025.jpg",images/blue/1171-utopia-meditation-acrylic-on-canvas-280cmx140cm-2025.jpg,"1171.Utopia-Meditation, Acrylic on canvas,280cmx140cm,2025"
blue,images_backup/blue/Blouew/118 Utopia-A companion-Ink-Stick and Acrylic on Canvas140x140cm2007.jpg,images/blue/118-utopia-a-companion-ink-stick-and-acrylic-on-canvas140x140cm2007.jpg,118 Utopia-A companion-Ink-Stick and Acrylic on Canvas140x140cm2007
blue,images_backup/blue/Blouew/119 Utopia-A companion-Ink-Stick and Acrylic on Canvas-164p.jpg,images/blue/119-utopia-a-companion-ink-stick-and-acrylic-on-canvas-164p.jpg,119 Utopia-A companion-Ink-Stick and Acrylic on Canvas-164p
blue,images_backup/blue/Blouew/11신무릉도원-동행 천에먹 아크릴 140x140cm2011.jpg,images/blue/11sin-mu-reung-do-won-dong-haeng-cheon-e-meok-a-keu-ril-140x140cm2011.jpg,11신무릉도원-동행 천에먹 아크릴 140x140cm2011
blue,images_backup/blue/Blouew/12 신무릉도원(동행)천에먹 아크릴45.5x53cm2011.jpg,images/blue/12-sin-mu-reung-do-won-dong-haeng-cheon-e-meok-a-keu-ril-45-5x53cm2011.jpg,12 신무릉도원(동행)천에먹 아크릴45.5x53cm2011
blue,"images_backup/blue/Blouew/12.Utopia-Meditation, Acrylic on canvas,140cmx140cm,2025.5000만원.jpg",images/blue/12-utopia-meditation-acrylic-on-canvas-140cmx140cm-2025-5000man-won.jpg,"12.Utopia-Meditation, Acrylic on canvas,140cmx140cm,2025.5000만원"
blue,"images_backup/blue/Blouew/12신무릉도원-동행-천에먹, 아크릴55x71cm 1000마원.jpg",images/blue/12sin-mu-reung-do-won-dong-haeng-cheon-e-meok-a-keu-ril-55x71cm-1000ma-won.jpg,"12신무릉도원-동행-천에먹, 아크릴55x71cm 1000마원"
blue,images_backup/blue/Blouew/13 Utopia-A companion-Ink-Stick and Acrylic on Canvas 71x93cm2012.jpg,images/blue/13-utopia-a-companion-ink-stick-and-acrylic-on-canvas-71x93cm2012.jpg,13 Utopia-A companion-Ink-Stick and Acrylic on Canvas 71x93cm2012
blue,images_backup/blue/Blouew/13 Utopia-A companion_Ink-stick and Acrylic on canvas .600만.jpg,images/blue/13-utopia-a-companion-ink-stick-and-acrylic-on-canvas-600man.jpg,13 Utopia-A companion_Ink-stick and Acrylic on canvas .600만
blue,"images_backup/blue/Blouew/14 신무릉도원-동행-천에먹, 아크릴-100x80cm1500만원.JPG",images/blue/14-sin-mu-reung-do-won-dong-haeng-cheon-e-meok-a-keu-ril-100x80cm1500man-won.jpg,"14 신무릉도원-동행-천에먹, 아크릴-100x80cm1500만원"
blue,"images_backup/blue/Blouew/14.Utopia-meditation,Acrylic on canvas  280x140cm,2023.7000만원.jpg",images/blue/14-utopia-meditation-acrylic-on-canvas-280x140cm-2023-7000man-won.jpg,"14.Utopia-meditation,Acrylic on canvas  280x140cm,2023.7000만원"
blue,"images_backup/blue/Blouew/17.Utopia-meditation,Acrylic on canvas.136x199.8cm.2021.8800만원.jpg",images/blue/17-utopia-meditation-acrylic-on-canvas-136x199-8cm-2021-8800man-won.jpg,"17.Utopia-meditation,Acrylic on canvas.136x199.8cm.2021.8800만원"
blue,"images_backup/blue/Blouew/17587150781651.Utopia-Meditation, Acrylic on canvas,280cmx140cm,2025.8000만원.jpg",images/blue/17587150781651-utopia-meditation-acrylic-on-canvas-280cmx140cm-2025-8000man-won.jpg,"17587150781651.Utopia-Meditation, Acrylic on canvas,280cmx140cm,2025.8000만원"
blue,"images_backup/blue/Blouew/18.Utopia-meditation,Acrylic on canvas  116x91cm.2023.jpg",images/blue/18-utopia-meditation-acrylic-on-canvas-116x91cm-2023.jpg,"18.Utopia-meditation,Acrylic on canvas  116x91cm.2023"
blue,images_backup/blue/Blouew/19.Utopia-A Meditation_91cm x 73cm_Ink-stick and Acrylic on canvas 2013.jpg,images/blue/19-utopia-a-meditation-91cm-x-73cm-ink-stick-and-acrylic-on-canvas-2013.jpg,19.Utopia-A Meditation_91cm x 73cm_Ink-stick and Acrylic on canvas 2013
blue,"images_backup/blue/Blouew/19.Utopia-meditation,Acrylic on canvas  116x91cm.2023.jpg",images/blue/19-utopia-meditation-acrylic-on-canvas-116x91cm-2023.jpg,"19.Utopia-meditation,Acrylic on canvas  116x91cm.2023"
blue,"images_backup/blue/Blouew/19.Utopia-meditation,Acrylic on canvas  138x169.7cm.2022.jpg",images/blue/19-utopia-meditation-acrylic-on-canvas-138x169-7cm-2022.jpg,"19.Utopia-meditation,Acrylic on canvas  138x169.7cm.2022"
blue,"images_backup/blue/Blouew/2013.Utopia-A Meditation_Ink-stick and Acrylic on canvas,.jpg",images/blue/2013-utopia-a-meditation-ink-stick-and-acrylic-on-canvas.jpg,"2013.Utopia-A Meditation_Ink-stick and Acrylic on canvas,"
blue,"images_backup/blue/Blouew/2023.Utopia-meditation,Acrylic on canvas  162x130cm..jpg",images/blue/2023-utopia-meditation-acrylic-on-canvas-162x130cm.jpg,"2023.Utopia-meditation,Acrylic on canvas  162x130cm."
blue,"images_backup/blue/Blouew/21신무릉도원-동행-천에먹, 아크릴73x91cm 1000만원.jpg",images/blue/21sin-mu-reung-do-won-dong-haeng-cheon-e-meok-a-keu-ril-73x91cm-1000man-won.jpg,"21신무릉도원-동행-천에먹, 아크릴73x91cm 1000만원"
blue,"images_backup/blue/Blouew/25.Utopia-meditation,Acrylic on canvas  280x140cm.2023.jpg",images/blue/25-utopia-meditation-acrylic-on-canvas-280x140cm-2023.jpg,"25.Utopia-meditation,Acrylic on canvas  280x140cm.2023"
blue,images_backup/blue/Blouew/26. Utopia-A Meditation-Ink-Stick and Acrylic on Canvas 60.5x72.5cm2022. 1200만원.jpg,images/blue/26-utopia-a-meditation-ink-stick-and-acrylic-on-canvas-60-5x72-5cm2022-1200man-won.jpg,26. Utopia-A Meditation-Ink-Stick and Acrylic on Canvas 60.5x72.5cm2022. 1200만원
blue,"images_backup/blue/Blouew/3.  Utopia-A companion 333x248.5cm Ink-Stick and Acrylic on Canvas. 2015,    1억5000만원.jpg",images/blue/3-utopia-a-companion-333x248-5cm-ink-stick-and-acrylic-on-canvas-2015-1eok-5000man-won.jpg,"3.  Utopia-A companion 333x248.5cm Ink-Stick and Acrylic on Canvas. 2015,    1억5000만원"
blue,"images_backup/blue/Blouew/3. Utopia-A companion-Ink-Stick and Acrylic on Canvas140x140cm,2011,  3800만원.jpg",images/blue/3-utopia-a-companion-ink-stick-and-acrylic-on-canvas140x140cm-2011-3800man-won.jpg,"3. Utopia-A companion-Ink-Stick and Acrylic on Canvas140x140cm,2011,  3800만원"
blue,images_backup/blue/Blouew/3. Utopia-A companion-Ink-Stick and Acrylic on Canvas244x143 2005. 4000만원.jpg,images/blue/3-utopia-a-companion-ink-stick-and-acrylic-on-canvas244x143-2005-4000man-won.jpg,3. Utopia-A companion-Ink-Stick and Acrylic on Canvas244x143 2005. 4000만원
blue,images_backup/blue/Blouew/3. Utopia-A companion-Ink-Stick and Acrylic on Canvas244x143cm 2006.4000만원.jpg,images/blue/3-utopia-a-companion-ink-stick-and-acrylic-on-canvas244x143cm-2006-4000man-won.jpg,3. Utopia-A companion-Ink-Stick and Acrylic on Canvas244x143cm 2006.4000만원
blue,images_backup/blue/Blouew/3.jpg,images/blue/3.jpg,3
blue,images_backup/blue/Blouew/34. Utopia-A companion-Ink-Stick and Acrylic on Canvas117x80cm2005.2023. 3000만원.jpg,images/blue/34-utopia-a-companion-ink-stick-and-acrylic-on-canvas117x80cm2005-2023-3000man-won.jpg,34. Utopia-A companion-Ink-Stick and Acrylic on Canvas117x80cm2005.2023. 3000만원
blue,"images_backup/blue/Blouew/36.Utopia-meditation,Acrylic on canvas  200x70cm,2023.4500만원.jpg",images/blue/36-utopia-meditation-acrylic-on-canvas-200x70cm-2023-4500man-won.jpg,"36.Utopia-meditation,Acrylic on canvas  200x70cm,2023.4500만원"
blue,images_backup/blue/Blouew/47.Utopia-A Meditation_201cm x 136cm_Ink-stick and Acrylic on canvas 2013.jpg,images/blue/47-utopia-a-meditation-201cm-x-136cm-ink-stick-and-acrylic-on-canvas-2013.jpg,47.Utopia-A Meditation_201cm x 136cm_Ink-stick and Acrylic on canvas 2013
blue,images_backup/blue/Blouew/48  Utopia-A companion-Ink-Stick and Acrylic on Canvas140x140cm 2010. 3800만원.jpg,images/blue/48-utopia-a-companion-ink-stick-and-acrylic-on-canvas140x140cm-2010-3800man-won.jpg,48  Utopia-A companion-Ink-Stick and Acrylic on Canvas140x140cm 2010. 3800만원
blue,images_backup/blue/Blouew/5.Utopia-A companion_53cm x 45.5cm_Ink-stick and Acrylic on canvas 2013.jpg,images/blue/5-utopia-a-companion-53cm-x-45-5cm-ink-stick-and-acrylic-on-canvas-2013.jpg,5.Utopia-A companion_53cm x 45.5cm_Ink-stick and Acrylic on canvas 2013
blue,"images_backup/blue/Blouew/5.Utopia-meditation,Acrylic on canvas 117cmx91cm,2020, 2500만원.jpg",images/blue/5-utopia-meditation-acrylic-on-canvas-117cmx91cm-2020-2500man-won.jpg,"5.Utopia-meditation,Acrylic on canvas 117cmx91cm,2020, 2500만원"
blue,"images_backup/blue/Blouew/6.Utopia-meditation,Acrylic on canvas  140x140cm.2023.jpg",images/blue/6-utopia-meditation-acrylic-on-canvas-140x140cm-2023.jpg,"6.Utopia-meditation,Acrylic on canvas  140x140cm.2023"
blue,"images_backup/blue/Blouew/68 Utopia-A companion-Ink-Stick and Acrylic on Canvas140x140cm,2007, 3700만원.jpg",images/blue/68-utopia-a-companion-ink-stick-and-acrylic-on-canvas140x140cm-2007-3700man-won.jpg,"68 Utopia-A companion-Ink-Stick and Acrylic on Canvas140x140cm,2007, 3700만원"
blue,"images_backup/blue/Blouew/8.Utopia-Meditation, Acrylic on canvas,280cmx140cm,2025.2000만원.jpg",images/blue/8-utopia-meditation-acrylic-on-canvas-280cmx140cm-2025-2000man-won.jpg,"8.Utopia-Meditation, Acrylic on canvas,280cmx140cm,2025.2000만원"
blue,images_backup/blue/Blouew/87 Utopia-A companion-Ink-Stick and Acrylic on Canvas 2005-35p.jpg,images/blue/87-utopia-a-companion-ink-stick-and-acrylic-on-canvas-2005-35p.jpg,87 Utopia-A companion-Ink-Stick and Acrylic on Canvas 2005-35p
blue,images_backup/blue/Blouew/89 Utopia-A companion-Ink-Stick and Acrylic on Canvas-179p.jpg,images/blue/89-utopia-a-companion-ink-stick-and-acrylic-on-canvas-179p.jpg,89 Utopia-A companion-Ink-Stick and Acrylic on Canvas-179p
blue,"images_backup/blue/Blouew/9.Utopia-meditation,Acrylic on canvas  280x140cm,2023. (2).jpg",images/blue/9-utopia-meditation-acrylic-on-canvas-280x140cm-2023-2.jpg,"9.Utopia-meditation,Acrylic on canvas  280x140cm,2023. (2)"
blue,"images_backup/blue/Blouew/9.왕열 .Utopia-Meditation, 116.8x91.0cm Acrylic on canvas, 2022.2500만원.jpg",images/blue/9-wang-yeol-utopia-meditation-116-8x91-0cm-acrylic-on-canvas-2022-2500man-won.jpg,"9.왕열 .Utopia-Meditation, 116.8x91.0cm Acrylic on canvas, 2022.2500만원"
blue,images_backup/blue/Blouew/96 Utopia-A companion-Ink-Stick and Acrylic on Canvas61x91cm2007.jpg,images/blue/96-utopia-a-companion-ink-stick-and-acrylic-on-canvas61x91cm2007.jpg,96 Utopia-A companion-Ink-Stick and Acrylic on Canvas61x91cm2007
blue,images_backup/blue/Blouew/A0006359-향상됨.jpg,images/blue/a0006359-hyang-sang-doem.jpg,A0006359-향상됨
blue,"images_backup/blue/Blouew/KakaoTalk_202411.Utopia-Meditation, Acrylic on canvas,140cmx140cm,2024 (5).jpg",images/blue/kakaotalk-202411-utopia-meditation-acrylic-on-canvas-140cmx140cm-2024-5.jpg,"KakaoTalk_202411.Utopia-Meditation, Acrylic on canvas,140cmx140cm,2024 (5)"
blue,images_backup/blue/Blouew/경기도미술관소장.jpg,images/blue/gyeong-gi-do-mi-sul-gwan-so-jang.jpg,경기도미술관소장
blue,"images_backup/blue/Blouew/사본 -15 신무릉도원-동행-천에먹 아크릴,248x666cm,2012.jpg",images/blue/sa-bon-15-sin-mu-reung-do-won-dong-haeng-cheon-e-meok-a-keu-ril-248x666cm-2012.jpg,"사본 -15 신무릉도원-동행-천에먹 아크릴,248x666cm,2012"
blue,images_backup/blue/Blouew/사본 -IMG_9675--.jpg,images/blue/sa-bon-img-9675.jpg,사본 -IMG_9675--
blue,"images_backup/blue/Blouew/신무릉도원 (동행)천에먹,아크릴91x73cm.jpg",images/blue/sin-mu-reung-do-won-dong-haeng-cheon-e-meok-a-keu-ril-91x73cm.jpg,"신무릉도원 (동행)천에먹,아크릴91x73cm"
blue,"images_backup/blue/Blouew/신무릉도원 -동행,천에먹 아크릴,73x60.,5cm.jpg",images/blue/sin-mu-reung-do-won-dong-haeng-cheon-e-meok-a-keu-ril-73x60-5cm.jpg,"신무릉도원 -동행,천에먹 아크릴,73x60.,5cm"
blue,"images_backup/blue/Blouew/신무릉도원(동행) 천에먹,아크릴.41X53cm.jpg",images/blue/sin-mu-reung-do-won-dong-haeng-cheon-e-meok-a-keu-ril-41x53cm.jpg,"신무릉도원(동행) 천에먹,아크릴.41X53cm"
blue,images_backup/blue/Blouew/신무릉도원(동행)천에먹 아크릴140x140cm2011.jpg,images/blue/sin-mu-reung-do-won-dong-haeng-cheon-e-meok-a-keu-ril-140x140cm2011.jpg,신무릉도원(동행)천에먹 아크릴140x140cm2011
blue,"images_backup/blue/Blouew/신무릉도원도,천에먹,아크릴.41x27cm, 2014.jpg",images/blue/sin-mu-reung-do-won-do-cheon-e-meok-a-keu-ril-41x27cm-2014.jpg,"신무릉도원도,천에먹,아크릴.41x27cm, 2014"
blue,images_backup/blue/Blouew/올IMG_9128.jpg,images/blue/ol-img-9128.jpg,올IMG_9128
blue,"images_backup/blue/Blouew/왕열07_신 무릉도원도-명상_70x200cm_천에먹, 아크릴_2016.jpg",images/blue/wang-yeol-07-sin-mu-reung-do-won-do-myeong-sang-70x200cm-cheon-e-meok-a-keu-ril-2016.jpg,"왕열07_신 무릉도원도-명상_70x200cm_천에먹, 아크릴_2016"
blue,images_backup/blue/Blouew/왕열왕열_신무릉도원도-명상_천에 먹 아크릴. 200x70cm_2016.jpg,images/blue/wang-yeol-wang-yeol-sin-mu-reung-do-won-do-myeong-sang-cheon-e-meok-a-keu-ril-200x70cm-2016.jpg,왕열왕열_신무릉도원도-명상_천에 먹 아크릴. 200x70cm_2016
